#LED	archive	file	header	name	meta_zstd	meta_raw	meta_raw_contigs	meta_raw_case	meta_raw_tables	meta_raw_blocktable	hashes	payload	blocks	LL_sym	LL_raw	lit_short_sym	lit_short_raw	lit_long_sym	lit_long_raw	kind_sym	kind_raw	delta_sym	delta_raw	rep_which_sym	rep_which_raw	rep_delta_sym	rep_delta_raw	abs_dir_pos_sym	abs_dir_pos_raw	self_dist_sym	self_dist_raw	length_sym	length_raw	flip_which_sym	flip_which_raw	flip_delta_sym	flip_delta_raw	coder_overhead	check
LED	y1_HG00438.1.q4k.rr3	21765741	136	8	1066899	1662172	11872	8	2118	1648174	5908440	14790258	738555	760577.548	7150.875	520776.624	0.000	506497.574	0.000	640878.609	0.000	635860.499	655288.125	119607.047	0.000	299267.867	366145.375	43206.566	1443896.000	74486.016	64706.625	3262707.786	3286441.125	19187.210	0.000	54868.154	201589.250	1827119.124	sum==file
LED	y1_HG00438.2.q4k.rr3	21398081	136	8	1076223	1666069	11101	8	2112	1652848	5929176	14392538	741147	748549.700	7174.250	518561.612	0.000	535806.785	0.000	604577.329	0.000	600829.354	559223.875	112559.526	0.000	260823.535	284702.500	42900.087	1439592.000	71804.854	63644.625	3244358.544	3298637.500	10960.572	0.000	32989.613	122377.375	1832464.365	sum==file
LED	y1_HG00621.1.q4k.rr3	21055988	136	8	1043836	1605837	12345	8	2116	1591368	5675688	14336320	709461	742890.782	6969.250	510121.946	0.000	515173.895	0.000	623354.261	0.000	608934.927	606531.000	113470.590	0.000	282751.758	332382.875	42030.091	1399412.000	72589.586	64171.625	3181478.577	3199271.250	19720.686	0.000	55948.411	204655.375	1754461.116	sum==file
LED	y1_HG00621.2.q4k.rr3	20912606	136	8	1061845	1650836	10886	8	2113	1637829	5904352	13946265	738044	718283.897	6245.125	499715.283	0.000	473733.335	0.000	579485.154	0.000	575027.553	499202.000	101248.165	0.000	241411.207	258646.875	41594.146	1401108.000	69333.375	59442.000	3155004.889	3236130.125	13944.657	0.000	40974.311	150404.375	1825330.529	sum==file
LED	y1_HG00673.1.q4k.rr3	20897192	136	8	1058688	1630636	18064	8	2119	1610445	5714296	14124064	714287	720546.975	6360.625	492855.065	0.000	489766.332	0.000	601499.813	0.000	599560.484	593961.625	109520.562	0.000	272693.363	319244.125	40972.025	1381056.000	68012.662	57493.375	3137379.587	3189841.125	19402.498	0.000	55203.587	202071.500	1766622.673	sum==file
LED	y1_HG00673.2.q4k.rr3	21800033	136	8	1083090	1685260	14971	8	2121	1668160	5964040	14752759	745505	750053.793	6596.000	513099.660	0.000	497307.729	0.000	635847.364	0.000	625454.266	616862.625	115132.053	0.000	289201.340	340740.875	42954.059	1439732.000	73677.854	65207.375	3261941.092	3313636.125	22706.820	0.000	64019.746	234502.375	1844085.848	sum==file
LED	y1_HG00735.1.q4k.rr3	21187373	136	8	1048267	1661464	12861	8	2115	1646480	5924888	14214074	740611	737632.348	7997.875	503323.227	0.000	530367.184	0.000	599493.122	0.000	588486.498	551270.000	109987.452	0.000	265718.045	301821.875	42294.678	1425020.000	72806.249	62749.750	3159843.877	3209294.125	14325.089	0.000	41737.349	154557.375	1835347.882	sum==file
LED	y1_HG00735.2.q4k.rr3	21202842	136	8	1051764	1663769	10499	8	2116	1651146	5933200	14217734	741650	734375.669	7984.000	501791.213	0.000	530534.100	0.000	597254.157	0.000	590679.944	561779.000	108800.989	0.000	264506.252	305052.625	41704.832	1415496.000	72769.950	62126.125	3156338.261	3211539.625	14912.784	0.000	42986.856	159078.375	1838023.243	sum==file
LED	y1_HG00741.1.q4k.rr3	21440930	136	8	1045471	1665178	12431	8	2114	1650625	5917736	14477579	739717	756321.647	7971.000	513824.170	0.000	540424.695	0.000	633527.666	0.000	601790.818	591457.000	116511.158	0.000	284961.590	330766.750	42826.343	1430388.000	78712.214	72977.625	3190664.011	3199692.250	17495.059	0.000	49879.804	183575.000	1833812.200	sum==file
LED	y1_HG00741.2.q4k.rr3	21506570	136	8	1051937	1667923	12778	8	2122	1653015	5931064	14523425	741383	743842.632	7512.375	506130.630	0.000	523668.961	0.000	622146.604	0.000	613770.192	619701.625	110976.511	0.000	282269.223	342564.125	41723.384	1400124.000	72329.221	61639.375	3185229.581	3221708.750	23378.052	0.000	65825.516	241096.875	1837787.368	sum==file
LED	y1_HG01071.1.q4k.rr3	21561218	136	8	1076837	1690042	14194	8	2111	1673729	5971144	14513093	746393	753830.899	7444.000	512639.415	0.000	517202.866	0.000	623478.091	0.000	619498.249	613300.375	118458.674	0.000	281722.639	320548.875	42879.141	1423240.000	73005.490	64761.000	3224551.950	3260254.375	13864.707	0.000	41355.614	152104.375	1848952.266	sum==file
LED	y1_HG01071.2.q4k.rr3	20682059	136	8	1026500	1637050	10152	8	2115	1624775	5884200	13771215	735525	708257.453	6849.875	488562.523	0.000	489020.593	0.000	573335.803	0.000	566789.864	507084.125	100397.079	0.000	244266.807	272959.375	40546.747	1370524.000	67763.662	56946.500	3073979.356	3148241.625	16220.589	0.000	46471.281	169532.875	1823464.869	sum==file
LED	y1_HG01106.1.q4k.rr3	20778864	136	8	1041249	1623378	12216	8	2113	1609041	5716816	14020655	714602	725964.800	7186.875	494349.631	0.000	509300.642	0.000	597115.018	0.000	591072.881	587109.625	112405.839	0.000	273768.532	319232.625	41034.251	1381260.000	70346.126	60893.875	3113020.463	3151743.625	14536.886	0.000	42480.024	157485.125	1770348.156	sum==file
LED	y1_HG01106.2.q4k.rr3	21043259	136	8	1043163	1662353	11703	8	2117	1648525	5929392	14070560	741174	717913.845	7093.500	490006.766	0.000	492468.398	0.000	591383.460	0.000	585559.969	548100.250	106098.560	0.000	264918.056	309549.500	41893.378	1392408.000	69274.428	58580.375	3118090.571	3180166.250	17955.349	0.000	51458.646	190242.125	1837398.574	sum==file
LED	y1_HG01123.1.q4k.rr3	20857021	136	8	1025253	1654157	18752	8	2119	1633278	5887112	13944512	735889	712224.253	7004.000	490551.999	0.000	516466.632	0.000	587457.454	0.000	567797.766	521598.125	104309.901	0.000	261005.650	300965.250	41714.570	1398500.000	70122.281	61730.375	3085643.973	3142225.750	17748.762	0.000	50198.528	183737.250	1823509.480	sum==file
LED	y1_HG01123.2.q4k.rr3	20761316	136	8	1019111	1643921	14627	8	2119	1627167	5884424	13857637	735553	715690.428	7746.125	492682.782	0.000	532136.507	0.000	579616.616	0.000	561595.977	515584.625	103036.790	0.000	251911.457	287402.875	41059.509	1380772.000	72146.472	63329.000	3073830.208	3132088.125	15559.060	0.000	44802.514	163959.500	1822686.429	sum==file
LED	y1_HG01175.1.q4k.rr3	21810437	136	8	1057377	1672684	15699	8	2116	1654861	5918024	14834892	739753	771179.512	8088.125	517438.012	0.000	531583.595	0.000	655383.693	0.000	626945.329	646350.125	122955.438	0.000	308527.987	382703.375	43840.639	1461212.000	78913.567	71885.000	3240699.775	3238139.875	20778.328	0.000	58593.055	214933.000	1834741.569	sum==file
LED	y1_HG01175.2.q4k.rr3	21135177	136	8	1053794	1665254	13552	8	2113	1649581	5919408	14161831	739926	727734.048	7227.500	493752.650	0.000	509620.745	0.000	600138.596	0.000	601974.917	599274.875	111095.626	0.000	268242.572	313909.000	40610.060	1366120.000	69251.345	60532.750	3133232.766	3192217.500	16181.966	0.000	46084.581	169688.500	1834941.004	sum==file
LED	y1_HG01258.1.q4k.rr3	20489909	136	8	1011763	1609991	13936	8	2114	1593933	5693712	13784290	711714	708361.420	6729.250	483805.870	0.000	483554.495	0.000	592899.732	0.000	588627.838	612043.000	111281.298	0.000	275218.840	336001.625	39829.715	1320220.000	70407.772	64092.500	3033021.443	3065253.125	15864.802	0.000	45309.254	167151.000	1764617.022	sum==file
LED	y1_HG01258.2.q4k.rr3	21594814	136	8	1046760	1671602	14885	8	2117	1654592	5922696	14625214	740337	758610.839	8221.750	511808.717	0.000	550663.874	0.000	637325.541	0.000	618080.639	640674.000	119368.210	0.000	296553.295	362142.000	42861.419	1426712.000	76242.350	67504.625	3194711.615	3207697.875	18814.024	0.000	53268.469	197623.250	1836329.509	sum==file
LED	y1_HG01358.1.q4k.rr3	20767536	136	8	1039745	1631936	18967	8	2119	1610842	5727624	14000023	715953	711947.070	6602.375	483586.689	0.000	493672.256	0.000	597843.650	0.000	596573.708	603740.000	111344.516	0.000	274500.650	321104.000	40502.670	1357084.000	68182.701	58208.250	3094815.762	3144026.375	18228.582	0.000	52355.589	191709.125	1773995.033	sum==file
LED	y1_HG01358.2.q4k.rr3	21158233	136	8	1037921	1664104	14369	8	2119	1647608	5917168	14203000	739646	727618.030	7057.250	498950.086	0.000	491100.032	0.000	609977.799	0.000	594737.726	588624.500	110325.372	0.000	273854.514	323566.625	41633.796	1410048.000	75140.379	67408.500	3129492.280	3173464.750	17217.104	0.000	49293.004	179992.625	1833497.629	sum==file
LED	y1_HG01361.1.q4k.rr3	20837236	136	8	1021309	1641107	12388	8	2114	1626597	5879040	13936743	734880	720269.973	7618.750	494992.091	0.000	538838.674	0.000	586856.316	0.000	576876.188	552494.625	105403.473	0.000	258594.601	300881.625	40530.787	1373084.000	72380.156	63037.250	3085079.731	3131937.625	14167.926	0.000	40887.887	151552.375	1821258.947	sum==file
LED	y1_HG01361.2.q4k.rr3	20916362	136	8	1028146	1654509	12692	8	2116	1639693	5908816	13979256	738602	712160.961	6789.000	489747.014	0.000	497672.183	0.000	590801.000	0.000	580504.934	544695.125	103862.961	0.000	260105.781	301015.875	41268.440	1389056.000	73566.239	66191.375	3091743.665	3155483.875	17238.306	0.000	48992.108	177328.500	1831032.658	sum==file
LED	y1_HG01891.1.q4k.rr3	24325059	136	8	1177932	1702916	18365	8	2125	1682418	5943816	17203167	742977	908366.170	9039.875	624328.519	0.000	645867.323	0.000	769612.516	0.000	740064.873	746575.250	138503.395	0.000	353872.575	438768.500	52530.075	1748244.000	86521.911	71929.375	3813165.208	3767207.875	32204.165	0.000	89854.698	329154.000	1837356.698	sum==file
LED	y1_HG01891.2.q4k.rr3	23860461	136	8	1169678	1677792	14240	8	2114	1661430	5904208	16786431	738026	921681.677	9560.875	645986.931	0.000	664398.465	0.000	735548.395	0.000	694282.073	618588.375	133092.352	0.000	317399.597	351692.500	54067.542	1820804.000	89500.735	77702.000	3823814.513	3773143.000	15820.365	0.000	45896.734	168223.375	1825227.496	sum==file
LED	y1_HG01928.1.q4k.rr3	20305213	136	8	1029471	1614435	13635	8	2114	1598678	5709096	13566502	713637	696383.785	6748.750	478853.081	0.000	485157.062	0.000	562266.914	0.000	572251.091	551433.125	102056.369	0.000	245486.228	277502.375	39324.292	1321304.000	64359.780	53564.500	3036114.996	3107748.750	13511.147	0.000	39219.332	145391.500	1767824.922	sum==file
LED	y1_HG01928.2.q4k.rr3	20720553	136	8	1045225	1650262	10499	8	2118	1637637	5910088	13765096	738761	698352.385	6095.625	482914.501	0.000	465023.429	0.000	567880.224	0.000	580204.747	534389.250	101650.620	0.000	247416.602	279110.000	40047.881	1345916.000	67833.866	58833.875	3083005.031	3176235.375	13640.553	0.000	39768.664	146495.875	1830281.499	sum==file
LED	y1_HG01952.1.q4k.rr3	20422234	136	8	1028053	1610702	16258	8	2116	1592320	5689976	13704061	711247	709928.313	6400.875	491243.868	0.000	489207.062	0.000	576387.560	0.000	574014.061	534398.625	104571.527	0.000	251077.902	280497.000	40624.670	1353524.000	68261.506	58629.375	3078900.868	3132800.000	13414.299	0.000	38760.272	142142.750	1759276.469	sum==file
LED	y1_HG01952.2.q4k.rr3	21248068	136	8	1046746	1653554	13208	8	2113	1638225	5899544	14301634	737443	750542.990	8099.625	515646.709	0.000	548760.266	0.000	605946.359	0.000	588763.144	545217.000	108758.497	0.000	263661.025	295045.625	42477.015	1434792.000	75089.239	66244.625	3191260.679	3223642.500	14702.098	0.000	42361.420	154578.375	1826044.809	sum==file
LED	y1_HG01978.1.q4k.rr3	22211484	136	8	1082831	1691667	12302	8	2118	1677239	5966944	15161565	745868	787583.709	8020.625	533402.694	0.000	554622.374	0.000	673685.335	0.000	652352.772	697747.750	127105.437	0.000	313467.262	384607.375	43303.773	1453616.000	78748.284	72631.125	3319659.623	3313484.500	21027.670	0.000	59480.720	218470.875	1848547.097	sum==file
LED	y1_HG01978.2.q4k.rr3	22157949	136	8	1080171	1687269	10628	8	2122	1674511	5960688	15116946	745086	766822.435	7459.500	514560.262	0.000	525045.408	0.000	668983.076	0.000	664067.550	731937.000	124449.694	0.000	318636.374	402327.125	41860.659	1406216.000	78018.094	69930.500	3276928.123	3292142.125	27078.717	0.000	75765.284	277381.875	1847336.199	sum==file
LED	y1_HG02148.1.q4k.rr3	20796597	136	8	1050702	1665156	20945	8	2115	1642088	5910336	13835415	738792	713496.075	6788.250	491414.483	0.000	491037.713	0.000	572906.045	0.000	570623.132	506570.750	100951.324	0.000	245476.570	267642.250	41290.749	1386924.000	69420.552	59278.250	3102634.037	3178957.500	13625.325	0.000	39579.114	146252.250	1830546.632	sum==file
LED	y1_HG02148.2.q4k.rr3	20554093	136	8	1047474	1666895	18196	8	2111	1646580	5929960	13576515	741245	685546.699	5688.750	476605.687	0.000	447019.796	0.000	550032.996	0.000	566146.850	511751.625	98972.815	0.000	237002.400	259331.375	39640.340	1325380.000	64077.064	54378.375	3058126.234	3176810.000	12432.891	0.000	36334.078	134103.625	1837133.398	sum==file
LED	y1_HG02257.1.q4k.rr3	24693629	136	8	1195426	1702493	13162	8	2121	1687202	5942384	17555675	742798	949834.446	9588.625	652577.131	0.000	659180.856	0.000	796737.362	0.000	764861.202	799713.000	147730.680	0.000	363570.047	437098.375	53276.308	1802136.000	93845.511	81966.250	3914505.441	3823995.500	25830.684	0.000	73379.179	268270.000	1837578.403	sum==file
LED	y1_HG02257.2.q4k.rr3	23464090	136	8	1156913	1683101	12563	8	2114	1668416	5920064	16386969	740008	887083.839	9146.250	614334.538	0.000	626734.988	0.000	716432.316	0.000	681693.597	627932.875	128525.891	0.000	316193.577	360965.375	52040.277	1744104.000	84356.862	71130.125	3698121.750	3660587.250	19347.118	0.000	55649.855	203589.750	1828998.767	sum==file
LED	y1_HG02486.1.q4k.rr3	23755108	136	8	1166401	1652161	14710	8	2121	1635322	5724488	16864075	715561	908239.423	9207.750	622921.576	0.000	636771.989	0.000	757404.111	0.000	720177.105	718647.750	140456.877	0.000	349786.655	420331.375	54512.587	1780116.000	90862.409	80431.375	3769325.703	3705551.750	23117.989	0.000	66388.931	239749.125	1770074.520	sum==file
LED	y1_HG02486.2.q4k.rr3	23148406	136	8	1148438	1680589	12176	8	2115	1666290	5919264	16080560	739908	855955.355	8414.625	592666.537	0.000	587438.581	0.000	695858.372	0.000	677183.698	647076.250	125753.439	0.000	306230.050	351911.875	50423.834	1675232.000	78328.532	64600.875	3626166.071	3621078.875	19985.146	0.000	57326.257	209907.000	1829022.628	sum==file
LED	y1_HG02559.1.q4k.rr3	23882115	136	8	1170889	1677148	11184	8	2123	1663833	5906560	16804522	738320	909493.982	9375.000	633399.516	0.000	642750.064	0.000	746198.595	0.000	692719.015	631464.625	132270.022	0.000	326242.728	381205.000	53520.103	1786584.000	92992.862	84979.625	3790046.374	3742100.125	22798.930	0.000	64546.075	236049.875	1825785.483	sum==file
LED	y1_HG02559.2.q4k.rr3	23780902	136	8	1176495	1690594	14154	8	2123	1674309	5938544	16665719	742318	897611.950	8650.000	626922.460	0.000	603495.432	0.000	731791.627	0.000	705288.604	664988.500	128655.080	0.000	315886.034	363611.125	52281.140	1742052.000	84573.237	69712.250	3766307.032	3735163.000	23558.850	0.000	66788.576	243421.750	1834960.355	sum==file
LED	y1_HG02572.1.q4k.rr3	24103317	136	8	1199530	1680330	27567	8	2116	1650639	5749280	17154363	718660	931259.027	8899.250	639466.115	0.000	622260.085	0.000	780113.185	0.000	754327.761	779692.750	146686.091	0.000	359925.577	436289.875	51431.963	1740404.000	89102.485	79463.125	3850982.969	3771937.000	23404.722	0.000	66303.333	244342.750	1778070.937	sum==file
LED	y1_HG02572.2.q4k.rr3	24790111	136	8	1222406	1727116	27183	8	2118	1697807	5967544	17600017	745943	964835.041	9721.750	666063.206	0.000	669736.193	0.000	797629.424	0.000	756519.098	739317.000	147678.447	0.000	358102.715	417397.500	55742.804	1852256.000	96174.704	86917.625	3967958.981	3877207.500	20350.129	0.000	57991.591	212517.625	1845899.667	sum==file
LED	y1_HG02622.1.q4k.rr3	24345440	136	8	1200734	1699466	11614	8	2117	1685727	5944192	17200370	743024	930205.390	9673.750	644034.751	0.000	664040.075	0.000	762898.721	0.000	722431.990	680804.750	137633.373	0.000	339902.411	396831.375	53997.168	1831784.000	91492.755	79534.875	3869263.226	3818556.125	23243.083	0.000	66005.555	239779.875	1838256.752	sum==file
LED	y1_HG02622.2.q4k.rr3	24277217	136	8	1197142	1700683	12563	8	2115	1685997	5949432	17130499	743679	925368.094	9551.250	642050.796	0.000	656841.255	0.000	755809.600	0.000	730263.561	706568.625	135619.303	0.000	334168.750	387810.500	54042.054	1810276.000	88753.984	74710.500	3854791.274	3811322.625	22017.258	0.000	62390.791	228451.125	1839691.654	sum==file
LED	y1_HG02630.1.q4k.rr3	24936390	136	8	1223051	1727388	22880	8	2114	1702386	5963584	17749611	745448	965842.753	9651.375	668070.653	0.000	664094.994	0.000	806095.706	0.000	769884.807	799835.000	152973.786	0.000	367544.882	436913.000	55246.240	1845276.000	94850.237	86298.875	3984195.381	3898213.500	20996.688	0.000	59809.906	220040.000	1843777.215	sum==file
LED	y1_HG02630.2.q4k.rr3	24500783	136	8	1199995	1709561	21378	8	2115	1686060	5941168	17359476	742646	945604.259	9609.250	655209.661	0.000	672206.769	0.000	779197.027	0.000	734739.346	701375.750	142046.757	0.000	348341.526	401932.625	55227.538	1851356.000	94468.941	88101.625	3909324.774	3831066.750	21228.869	0.000	60862.118	220719.625	1836856.788	sum==file
LED	y1_HG02717.1.q4k.rr3	23956614	136	8	1195141	1673803	17161	8	2113	1654521	5754112	17007217	719264	929857.939	9343.500	640967.126	0.000	639779.345	0.000	767028.060	0.000	726719.963	726252.000	145652.306	0.000	345886.720	396619.375	54056.066	1789108.000	90897.774	79413.125	3842006.939	3763683.750	19463.302	0.000	56135.993	205312.250	1779033.468	sum==file
LED	y1_HG02717.2.q4k.rr3	24604097	136	8	1204864	1702770	13896	8	2119	1686747	5934224	17464865	741778	942689.386	9443.000	654174.923	0.000	660048.635	0.000	782939.807	0.000	745928.966	750814.375	144317.358	0.000	357612.184	432803.250	55108.508	1824008.000	91103.660	79755.250	3915329.658	3844219.500	23881.813	0.000	67537.502	247971.125	1835178.100	sum==file
LED	y1_HG02886.1.q4k.rr3	24290180	136	8	1200852	1711862	21633	8	2115	1688106	5951464	17137720	743933	917837.559	8923.500	637943.808	0.000	641938.061	0.000	757732.231	0.000	728429.290	701277.750	137625.444	0.000	339396.130	400208.125	54352.520	1815020.000	87905.609	74665.875	3854131.323	3815171.375	22837.675	0.000	65123.196	237006.500	1840194.030	sum==file
LED	y1_HG02886.2.q4k.rr3	24305564	136	8	1200876	1709391	19830	8	2118	1687435	5955344	17149200	744418	934798.408	10185.000	646323.779	0.000	672258.205	0.000	757933.613	0.000	716219.551	671756.875	134974.173	0.000	334060.264	384300.000	54100.681	1825704.000	86652.165	72419.250	3865641.683	3805542.750	23487.990	0.000	66919.961	244001.750	1841919.904	sum==file
LED	y1_HG00438.1.q16k.rr3	14178830	136	8	385783	453096	11872	8	2109	439107	1477112	12315791	184639	717001.957	6287.875	495581.046	0.000	463469.926	0.000	625291.869	0.000	582589.628	546573.375	115470.548	0.000	287213.895	343728.250	40005.488	1337600.000	107210.630	120012.875	2929449.489	2875402.125	18662.929	0.000	51641.909	189609.875	462987.311	sum==file
LED	y1_HG00438.2.q16k.rr3	13783523	136	8	388478	455668	11101	8	2103	442456	1482296	11912605	185287	704777.573	6390.625	492559.878	0.000	496673.034	0.000	589522.589	0.000	546108.687	450035.250	108392.836	0.000	250645.966	266347.250	39562.316	1327904.000	103992.655	118486.375	2903857.946	2883028.875	11167.426	0.000	31527.559	117034.875	464589.284	sum==file
LED	y1_HG00621.1.q16k.rr3	13747486	136	8	374540	439890	12345	8	2114	425423	1418928	11953874	177366	700059.729	6252.000	484405.793	0.000	476928.945	0.000	608102.651	0.000	555849.301	500111.625	110077.755	0.000	271649.977	313738.625	38795.092	1294272.000	104655.576	118948.375	2856089.037	2803841.500	19217.405	0.000	52856.502	193345.750	444676.362	sum==file
LED	y1_HG00621.2.q16k.rr3	13390703	136	8	382858	450751	10886	8	2108	437749	1476088	11531613	184511	678941.423	5655.875	476095.018	0.000	441803.106	0.000	565415.372	0.000	525535.540	404232.125	99259.246	0.000	233906.106	244786.375	38646.797	1301496.000	97461.586	106006.500	2824788.372	2826945.500	14058.255	0.000	39296.980	144381.375	462901.449	sum==file
LED	y1_HG00673.1.q16k.rr3	13574502	136	8	380721	450867	18064	8	2111	430684	1428576	11765061	178572	681080.016	5764.750	470180.298	0.000	456778.919	0.000	588735.142	0.000	548483.614	491435.750	108343.346	0.000	265722.559	306159.000	37905.484	1277804.000	96442.532	104340.875	2818735.017	2795505.875	19076.873	0.000	52537.455	192142.375	447887.121	sum==file
LED	y1_HG00673.2.q16k.rr3	14148818	136	8	391890	462943	14971	8	2111	445853	1491016	12265768	186377	706408.273	5921.500	488146.865	0.000	459502.095	0.000	619127.151	0.000	572921.896	513346.875	112302.478	0.000	279133.227	323657.000	39568.824	1327780.000	104158.832	116200.500	2925217.760	2898652.125	22227.245	0.000	60931.961	222936.625	467626.768	sum==file
LED	y1_HG00735.1.q16k.rr3	13601956	136	8	382983	454349	12861	8	2103	439377	1481224	11737605	185153	693949.073	6787.625	479415.724	0.000	479602.224	0.000	584801.410	0.000	537241.823	450998.000	107073.464	0.000	256326.285	284707.125	38998.118	1313516.000	103021.632	114645.250	2828817.548	2793021.500	14161.143	0.000	39524.842	145994.500	465001.714	sum==file
LED	y1_HG00735.2.q16k.rr3	13619847	136	8	381845	452011	10499	8	2107	439397	1483304	11754554	185413	692476.483	6904.125	478872.492	0.000	485250.263	0.000	583060.252	0.000	540330.176	462393.625	106350.519	0.000	255527.983	287814.125	38602.966	1308276.000	102106.283	112159.750	2827407.864	2796376.375	14629.211	0.000	40643.548	149972.625	465399.335	sum==file
LED	y1_HG00741.1.q16k.rr3	13800497	136	8	381855	454246	12431	8	2105	439702	1479440	11939058	184930	706396.327	6768.625	485108.724	0.000	487457.907	0.000	614444.005	0.000	546336.019	480990.125	110792.823	0.000	270514.213	307128.000	39262.959	1312308.000	113295.723	133117.125	2848204.350	2774327.750	17138.980	0.000	47259.272	173645.250	464561.824	sum==file
LED	y1_HG00741.2.q16k.rr3	13907345	136	8	382551	453669	12778	8	2110	438773	1482768	12041882	185346	700929.094	6589.875	481918.617	0.000	481134.385	0.000	605949.120	0.000	562232.833	516226.875	107559.510	0.000	271760.039	323298.500	38677.449	1298328.000	101543.999	110764.750	2853828.432	2802410.750	22701.269	0.000	62418.359	228099.750	465510.394	sum==file
LED	y1_HG01071.1.q16k.rr3	13885456	136	8	389881	463042	14194	8	2101	446739	1492792	12002639	186599	708859.104	6563.375	487265.747	0.000	474320.506	0.000	608274.348	0.000	562619.450	498419.125	114757.156	0.000	270572.133	300803.625	39548.575	1314660.000	106048.557	120650.125	2887247.939	2839101.875	13682.445	0.000	38626.379	142059.125	468559.412	sum==file
LED	y1_HG01071.2.q16k.rr3	13201512	136	8	375425	444284	10152	8	2106	432018	1471056	11354887	183882	668587.043	5964.250	466306.493	0.000	449502.772	0.000	559974.012	0.000	519173.466	415412.750	98093.291	0.000	236093.017	258573.750	37623.898	1269292.000	95123.676	102516.000	2751731.035	2737290.000	15987.530	0.000	44291.303	161537.375	461813.340	sum==file
LED	y1_HG01106.1.q16k.rr3	13425541	136	8	377098	444562	12216	8	2107	430231	1429208	11619091	178651	683560.368	6271.875	470740.172	0.000	466945.766	0.000	583007.057	0.000	538361.721	480955.125	109981.144	0.000	265263.695	302813.125	37676.979	1268432.000	100490.640	112540.125	2791112.304	2751236.000	14279.680	0.000	39770.301	146880.500	448772.422	sum==file
LED	y1_HG01106.2.q16k.rr3	13475699	136	8	380059	452181	11703	8	2110	438360	1482352	11613144	185294	677462.376	6273.375	468015.205	0.000	452152.260	0.000	575964.468	0.000	535825.625	451285.750	103817.044	0.000	255971.445	292540.375	38691.685	1287852.000	96803.745	104110.125	2791273.393	2763334.625	17674.367	0.000	48791.797	179967.250	465337.090	sum==file
LED	y1_HG01123.1.q16k.rr3	13334904	136	8	376048	454689	18752	8	2108	433821	1471784	11486928	183973	671789.700	6197.750	466974.487	0.000	464891.820	0.000	571611.023	0.000	519283.866	427324.250	101342.224	0.000	250785.551	282651.125	38434.545	1288568.000	99276.967	110124.375	2760368.582	2726556.000	17318.191	0.000	47526.243	173778.625	462124.676	sum==file
LED	y1_HG01123.2.q16k.rr3	13236117	136	8	373793	449481	14627	8	2106	432740	1471112	11391068	183889	672601.614	6712.750	468532.661	0.000	487140.341	0.000	562489.672	0.000	512248.488	418487.375	99282.815	0.000	240320.258	266571.625	37867.795	1273172.000	100678.807	111565.000	2744905.074	2715335.125	15107.587	0.000	42071.977	154045.625	461931.413	sum==file
LED	y1_HG01175.1.q16k.rr3	14150574	136	8	383260	457063	15699	8	2111	439245	1479512	12287658	184939	722498.321	7014.625	490301.890	0.000	481629.139	0.000	635982.335	0.000	570628.264	530349.000	117462.801	0.000	292336.902	352369.750	40191.235	1342788.000	113638.471	131243.500	2901196.336	2818396.125	19884.594	0.000	54680.613	200328.375	464737.723	sum==file
LED	y1_HG01175.2.q16k.rr3	13543934	136	8	382194	454853	13552	8	2104	439189	1479856	11681740	184982	684483.507	6376.750	469403.477	0.000	468802.896	0.000	584637.282	0.000	547580.349	487958.250	107643.016	0.000	258691.233	297123.375	37543.049	1262440.000	99197.482	111559.000	2800140.677	2772489.375	15906.166	0.000	43870.454	161242.375	464651.286	sum==file
LED	y1_HG01258.1.q16k.rr3	13146004	136	8	366071	438800	13936	8	2105	422751	1423432	11356357	177929	663763.409	5884.750	457982.930	0.000	442221.050	0.000	576193.166	0.000	533253.819	497371.125	106578.687	0.000	262100.810	311778.375	36536.031	1214196.000	102583.283	119450.125	2708209.508	2657240.875	15393.010	0.000	42452.283	156137.375	447030.390	sum==file
LED	y1_HG01258.2.q16k.rr3	13992080	136	8	382213	456479	14885	8	2107	439479	1480680	12129043	185085	712987.238	7210.250	485959.220	0.000	503303.181	0.000	621791.765	0.000	564942.904	531206.500	115070.419	0.000	283911.276	338255.000	39495.338	1317292.000	110124.302	125671.125	2863173.979	2788982.625	18337.613	0.000	50324.398	186206.875	464796.989	sum==file
LED	y1_HG01358.1.q16k.rr3	13422854	136	8	376181	451432	18967	8	2110	430347	1431912	11614617	178989	671827.062	5976.375	460696.242	0.000	459364.656	0.000	584239.862	0.000	543579.771	496643.625	109501.951	0.000	266944.529	306997.125	37375.760	1253400.000	97796.988	107784.250	2774484.826	2741202.125	17869.304	0.000	49386.315	180441.000	449105.234	sum==file
LED	y1_HG01358.2.q16k.rr3	13572019	136	8	378446	454149	14369	8	2106	437666	1479296	11714133	184912	684173.339	6182.500	473513.758	0.000	449081.029	0.000	592956.934	0.000	541797.637	481830.875	106198.014	0.000	262059.907	301826.375	38425.148	1298832.000	107200.074	121425.000	2798246.130	2753123.625	16755.939	0.000	46455.431	169742.750	464306.535	sum==file
LED	y1_HG01361.1.q16k.rr3	13317016	136	8	374498	446705	12388	8	2105	432204	1469760	11472614	183720	678212.155	6549.875	471232.002	0.000	479571.661	0.000	572321.550	0.000	525582.961	449619.625	102465.868	0.000	247649.262	279520.250	37489.880	1268248.000	103289.227	115245.250	2760530.773	2717822.125	13960.397	0.000	38784.599	143158.125	461360.413	sum==file
LED	y1_HG01361.2.q16k.rr3	13357821	136	8	376238	450439	12692	8	2107	435632	1477208	11504231	184651	669436.153	6085.500	464843.186	0.000	460044.125	0.000	572583.710	0.000	527952.580	440760.500	100137.945	0.000	249054.352	282757.875	38154.110	1283348.000	103106.051	115623.625	2759364.568	2735160.125	16875.634	0.000	46484.062	168625.000	463833.899	sum==file
LED	y1_HG01891.1.q16k.rr3	16594656	136	8	409357	473469	18365	8	2115	452981	1485960	14699195	185745	860697.591	7955.500	596022.963	0.000	592206.400	0.000	752857.978	0.000	685152.227	639184.125	135390.416	0.000	343569.822	419472.750	48621.653	1620420.000	122088.624	131177.000	3464261.026	3381973.125	31594.971	0.000	86075.036	315468.125	465005.669	sum==file
LED	y1_HG01891.2.q16k.rr3	16142630	136	8	406627	464875	14240	8	2107	448520	1476056	14259803	184507	869138.689	8490.500	614167.665	0.000	611248.458	0.000	716733.410	0.000	635272.156	504843.250	127761.719	0.000	303169.268	326949.875	50011.571	1684848.000	127873.128	143043.000	3463431.984	3390626.625	15775.949	0.000	43866.814	160777.250	461773.690	sum==file
LED	y1_HG01928.1.q16k.rr3	13011722	136	8	371794	441991	13635	8	2105	426243	1427280	11212504	178410	658439.380	6015.750	458244.580	0.000	448754.149	0.000	550585.916	0.000	521132.417	449547.250	101030.895	0.000	238786.359	263989.250	36451.864	1225872.000	90856.955	97712.125	2720911.311	2709220.875	13349.899	0.000	37091.839	137185.125	447326.060	sum==file
LED	y1_HG01928.2.q16k.rr3	13185927	136	8	381521	450071	10499	8	2106	437458	1477528	11326734	184691	658627.761	5516.875	460194.658	0.000	431820.128	0.000	553097.740	0.000	528489.268	432593.250	99377.838	0.000	237986.050	262011.000	37143.822	1248148.000	95266.638	104635.250	2756246.446	2761770.875	13529.785	0.000	37710.598	139063.000	463505.018	sum==file
LED	y1_HG01952.1.q16k.rr3	13132062	136	8	373047	444313	16258	8	2110	425937	1422496	11336375	177812	668986.103	5753.500	466980.166	0.000	449245.452	0.000	562655.512	0.000	521390.169	431240.375	102117.708	0.000	243110.056	267026.000	37447.760	1251480.000	97914.466	109039.375	2754894.941	2733616.875	13447.929	0.000	37159.533	136374.625	446494.456	sum==file
LED	y1_HG01952.2.q16k.rr3	13695010	136	8	380544	451402	13208	8	2107	436079	1474888	11839434	184361	707396.480	7165.125	490788.155	0.000	504650.257	0.000	591190.599	0.000	536087.991	440786.250	105296.972	0.000	252104.830	273964.625	39353.863	1327092.000	106750.480	119471.500	2859366.583	2812209.750	14616.363	0.000	40502.169	147852.125	462787.885	sum==file
LED	y1_HG01978.1.q16k.rr3	14462619	136	8	391083	461180	12302	8	2111	446759	1491736	12579656	186467	736313.370	6890.000	503405.380	0.000	503454.748	0.000	653874.318	0.000	591200.380	570432.625	121187.869	0.000	298188.888	358723.000	39691.353	1335016.000	115673.990	137381.000	2968795.027	2888386.875	20454.078	0.000	56332.622	206324.625	467929.852	sum==file
LED	y1_HG01978.2.q16k.rr3	14476486	136	8	388945	458351	10628	8	2112	445603	1490176	12597221	186272	721076.127	6579.750	488470.584	0.000	482424.640	0.000	652359.173	0.000	606070.628	610784.000	120875.406	0.000	306663.682	381022.875	38766.909	1301928.000	111921.042	126713.875	2940642.191	2873458.000	26218.128	0.000	71720.816	262190.750	467334.426	sum==file
LED	y1_HG02148.1.q16k.rr3	13278092	136	8	383684	461636	20945	8	2107	438576	1477584	11416680	184698	673330.486	6065.125	468548.367	0.000	454242.317	0.000	559809.745	0.000	521949.999	412195.000	99303.628	0.000	238198.730	254985.625	38281.114	1286668.000	97156.291	105392.250	2778182.891	2767554.750	13651.899	0.000	37916.937	140044.500	463202.344	sum==file
LED	y1_HG02148.2.q16k.rr3	13034377	136	8	382420	459676	18196	8	2107	439365	1482496	11169317	185312	649517.644	5206.250	455417.842	0.000	418907.773	0.000	538211.594	0.000	517198.670	415760.875	97910.251	0.000	229681.979	245987.375	36853.492	1232672.000	90234.738	97650.125	2735673.511	2763941.625	12318.583	0.000	34411.813	126953.500	464807.358	sum==file
LED	y1_HG02257.1.q16k.rr3	16892836	136	8	411640	469787	13162	8	2113	454504	1485600	14995452	185700	896370.673	8448.125	621614.652	0.000	603511.259	0.000	777433.851	0.000	701213.207	669622.250	142704.120	0.000	349980.490	412086.750	49513.687	1672544.000	133628.278	149097.500	3554577.995	3438460.750	25237.085	0.000	69620.027	254471.375	465315.926	sum==file
LED	y1_HG02257.2.q16k.rr3	15761199	136	8	402740	463271	12563	8	2108	448592	1480016	13878299	185002	836172.168	7943.750	585711.016	0.000	572485.415	0.000	698973.479	0.000	627058.138	522227.125	125254.964	0.000	304790.646	340824.375	48086.103	1612860.000	118696.953	128840.250	3346410.015	3272927.500	19110.073	0.000	52932.155	193598.750	463396.125	sum==file
LED	y1_HG02486.1.q16k.rr3	16205798	136	8	399841	458759	14710	8	2113	441928	1431128	14374685	178891	856565.913	8184.750	593328.416	0.000	585697.177	0.000	738009.774	0.000	659023.866	595258.875	136386.238	0.000	335498.488	393850.750	49921.657	1636780.000	128410.742	143630.375	3421517.209	3334387.375	22464.388	0.000	62254.686	225210.750	448303.573	sum==file
LED	y1_HG02486.2.q16k.rr3	15493730	136	8	402904	462013	12176	8	2109	447720	1479816	13610866	184977	810307.674	7341.750	566328.531	0.000	539269.723	0.000	681961.682	0.000	623287.602	540132.250	123966.239	0.000	298371.733	336846.625	46696.133	1553544.000	110443.874	118620.000	3283152.292	3233146.000	19733.285	0.000	54551.613	199884.625	463280.370	sum==file
LED	y1_HG02559.1.q16k.rr3	16144260	136	8	405248	461548	11184	8	2115	448241	1476640	14262228	184580	856809.590	8132.375	603011.993	0.000	583929.872	0.000	724420.482	0.000	636375.397	523027.250	127715.043	0.000	311938.948	354757.375	49315.077	1649008.000	128958.683	144672.000	3433383.092	3358429.625	22176.710	0.000	61006.162	222922.625	462237.701	sum==file
LED	y1_HG02559.2.q16k.rr3	16064209	136	8	407741	467162	14154	8	2116	450884	1484640	14171684	185580	849001.763	7555.750	598715.427	0.000	553134.569	0.000	715594.446	0.000	648469.011	554037.500	125939.833	0.000	307741.934	347808.500	48496.439	1617340.000	119254.872	127951.125	3415628.282	3350571.875	23173.334	0.000	63833.115	232784.500	464651.725	sum==file
LED	y1_HG02572.1.q16k.rr3	16492811	136	8	410870	477212	27567	8	2110	447527	1437320	14644477	179665	876135.032	7739.750	607462.150	0.000	565374.775	0.000	761204.205	0.000	689434.496	646799.750	141626.279	0.000	344638.634	409481.125	47525.435	1607888.000	129362.315	148681.625	3496249.642	3398418.875	22883.243	0.000	62816.309	230784.375	449970.986	sum==file
LED	y1_HG02572.2.q16k.rr3	16906412	136	8	420133	488434	27183	8	2108	459135	1491888	14994247	186486	907003.343	8349.000	632231.682	0.000	607694.227	0.000	776929.705	0.000	691898.843	609784.875	141616.982	0.000	341725.470	388916.250	51359.012	1709372.000	138087.770	158498.375	3597244.120	3489150.125	20024.192	0.000	55134.147	202142.250	467084.632	sum==file
LED	y1_HG02622.1.q16k.rr3	16570179	136	8	412809	468618	11614	8	2112	454884	1486048	14671178	185756	879169.634	8458.750	614694.086	0.000	608727.402	0.000	745689.041	0.000	664311.489	567642.375	134260.498	0.000	328203.702	375160.125	49982.740	1693440.000	128665.180	141584.375	3514449.392	3437525.875	22782.915	0.000	62824.535	228396.625	465209.262	sum==file
LED	y1_HG02622.2.q16k.rr3	16528865	136	8	412710	469072	12563	8	2108	454393	1487360	14628651	185920	877090.159	8393.250	614716.360	0.000	604525.815	0.000	740316.639	0.000	672746.304	592087.000	133478.599	0.000	325141.945	369919.125	50222.761	1681020.000	124415.739	133859.250	3505078.155	3431183.625	21630.720	0.000	59427.220	217597.500	465800.834	sum==file
LED	y1_HG02630.1.q16k.rr3	17046995	136	8	420441	485707	22880	8	2105	460714	1490896	15135514	186362	908637.210	8428.750	633820.179	0.000	600655.555	0.000	785911.140	0.000	702591.287	660640.000	146717.385	0.000	351261.811	407356.875	50949.355	1704024.000	137275.285	158973.375	3612979.046	3508877.875	20900.594	0.000	57455.548	211449.375	466609.356	sum==file
LED	y1_HG02630.2.q16k.rr3	16681302	136	8	413841	479058	21378	8	2107	455565	1485296	14782021	185662	888623.627	8452.125	621392.658	0.000	616329.797	0.000	756801.009	0.000	673531.335	580490.875	136080.712	0.000	332415.757	375002.500	51048.824	1712204.000	133894.129	154016.625	3542014.985	3446142.000	20856.073	0.000	57784.386	209868.250	465071.334	sum==file
LED	y1_HG02717.1.q16k.rr3	16356052	136	8	409070	468218	17161	8	2109	448940	1438528	14508310	179816	876670.732	8211.750	610162.703	0.000	586578.982	0.000	748710.619	0.000	662429.893	595077.750	141710.170	0.000	334250.596	375798.250	49717.079	1649168.000	130137.257	145888.625	3487700.521	3389560.500	19165.255	0.000	53066.609	194081.000	450223.706	sum==file
LED	y1_HG02717.2.q16k.rr3	16786215	136	8	413271	470351	13896	8	2114	454333	1483560	14889240	185445	888658.726	8264.375	621654.971	0.000	604377.995	0.000	762831.551	0.000	683239.811	622895.875	138831.719	0.000	341999.987	404816.000	50766.500	1683352.000	130987.422	147658.000	3551862.746	3460052.500	23351.596	0.000	64141.848	235238.625	464257.752	sum==file
LED	y1_HG02886.1.q16k.rr3	16485245	136	8	414048	479520	21633	8	2110	455769	1487872	14583181	185984	867430.759	7773.375	609345.582	0.000	579609.059	0.000	739834.662	0.000	668263.620	581544.000	133571.349	0.000	326171.522	375223.125	50275.262	1679412.000	124311.389	136417.000	3498122.071	3431657.750	22314.193	0.000	61632.975	224539.500	465731.806	sum==file
LED	y1_HG02886.2.q16k.rr3	16524724	136	8	414118	476879	19830	8	2109	454932	1488840	14621622	186105	883844.012	8963.125	617011.752	0.000	616314.299	0.000	740059.982	0.000	660059.264	562155.500	131738.849	0.000	322823.052	363504.875	50244.312	1693368.000	121301.340	130568.250	3509894.043	3422704.875	23230.418	0.000	64083.951	233514.250	466237.851	sum==file
