N,input,site,requests_with_site,requests,calls_per_request,in_bytes_per_request,out_bytes_per_request
50,cnt_win,createDCtx@agc_decompressor_lib.cpp:184,1000,1000,1.0,0.0,0.0
50,cnt_win,createDCtx@collection_v3.cpp:148,1,1000,0.006,0.0,0.0
50,cnt_win,decompressDCtx@collection_v3.cpp:151,37,1000,0.222,76418.473,304463.686
50,cnt_win,decompressDCtx@segment.cpp:164,3,1000,0.003,243.815,0.0
50,cnt_win,decompressDCtx@segment.cpp:263,14,1000,0.019,53.562,1321.186
50,cnt_win,decompressDCtx@segment.cpp:269,983,1000,1.039,15156.065,16626.08
50,cnt_win,decompressDCtx@segment.cpp:306,995,1000,1.055,4133.158,0.0
50,cnt_win,freeDCtx@agc_decompressor_lib.cpp:290,1000,1000,1.0,0.0,0.0
50,cnt_win_sorted,createDCtx@agc_decompressor_lib.cpp:184,1000,1000,1.0,0.0,0.0
50,cnt_win_sorted,createDCtx@collection_v3.cpp:148,1,1000,0.006,0.0,0.0
50,cnt_win_sorted,decompressDCtx@collection_v3.cpp:151,2,1000,0.012,4032.762,16041.045
50,cnt_win_sorted,decompressDCtx@segment.cpp:164,3,1000,0.003,243.815,0.0
50,cnt_win_sorted,decompressDCtx@segment.cpp:263,14,1000,0.019,53.562,1321.186
50,cnt_win_sorted,decompressDCtx@segment.cpp:269,983,1000,1.039,15156.065,16626.08
50,cnt_win_sorted,decompressDCtx@segment.cpp:306,995,1000,1.055,4133.158,0.0
50,cnt_win_sorted,freeDCtx@agc_decompressor_lib.cpp:290,1000,1000,1.0,0.0,0.0
50,cnt_reg,createDCtx@agc_decompressor_lib.cpp:184,100,100,1.0,0.0,0.0
50,cnt_reg,createDCtx@collection_v3.cpp:148,1,100,0.06,0.0,0.0
50,cnt_reg,decompressDCtx@collection_v3.cpp:151,7,100,0.42,159270.43,638480.11
50,cnt_reg,decompressDCtx@segment.cpp:263,5,100,0.3,716.0,22775.41
50,cnt_reg,decompressDCtx@segment.cpp:269,98,100,20.72,241851.34,272709.97
50,cnt_reg,decompressDCtx@segment.cpp:306,100,100,20.86,71341.04,0.0
50,cnt_reg,freeDCtx@agc_decompressor_lib.cpp:290,100,100,1.0,0.0,0.0
100,cnt_win,createDCtx@agc_decompressor_lib.cpp:184,1000,1000,1.0,0.0,0.0
100,cnt_win,createDCtx@collection_v3.cpp:148,1,1000,0.006,0.0,0.0
100,cnt_win,decompressDCtx@collection_v3.cpp:151,515,1000,3.09,1985443.065,7965249.04
100,cnt_win,decompressDCtx@segment.cpp:164,5,1000,0.005,402.664,0.0
100,cnt_win,decompressDCtx@segment.cpp:263,12,1000,0.013,92.996,2707.105
100,cnt_win,decompressDCtx@segment.cpp:269,983,1000,1.05,15558.015,16930.79
100,cnt_win,decompressDCtx@segment.cpp:306,985,1000,1.053,5193.356,0.0
100,cnt_win,freeDCtx@agc_decompressor_lib.cpp:290,1000,1000,1.0,0.0,0.0
100,cnt_win_sorted,createDCtx@agc_decompressor_lib.cpp:184,1000,1000,1.0,0.0,0.0
100,cnt_win_sorted,createDCtx@collection_v3.cpp:148,1,1000,0.006,0.0,0.0
100,cnt_win_sorted,decompressDCtx@collection_v3.cpp:151,3,1000,0.018,8049.307,31832.125
100,cnt_win_sorted,decompressDCtx@segment.cpp:164,5,1000,0.005,402.664,0.0
100,cnt_win_sorted,decompressDCtx@segment.cpp:263,12,1000,0.013,92.996,2707.105
100,cnt_win_sorted,decompressDCtx@segment.cpp:269,983,1000,1.05,15558.015,16930.79
100,cnt_win_sorted,decompressDCtx@segment.cpp:306,985,1000,1.053,5193.356,0.0
100,cnt_win_sorted,freeDCtx@agc_decompressor_lib.cpp:290,1000,1000,1.0,0.0,0.0
100,cnt_reg,createDCtx@agc_decompressor_lib.cpp:184,100,100,1.0,0.0,0.0
100,cnt_reg,createDCtx@collection_v3.cpp:148,1,100,0.06,0.0,0.0
100,cnt_reg,decompressDCtx@collection_v3.cpp:151,49,100,2.94,1923114.13,7725136.6
100,cnt_reg,decompressDCtx@segment.cpp:263,3,100,0.52,2151.01,57062.5
100,cnt_reg,decompressDCtx@segment.cpp:269,98,100,17.34,240173.25,268041.18
100,cnt_reg,decompressDCtx@segment.cpp:306,100,100,17.76,81156.44,0.0
100,cnt_reg,freeDCtx@agc_decompressor_lib.cpp:290,100,100,1.0,0.0,0.0
200,cnt_win,createDCtx@agc_decompressor_lib.cpp:184,1000,1000,1.0,0.0,0.0
200,cnt_win,createDCtx@collection_v3.cpp:148,1,1000,0.006,0.0,0.0
200,cnt_win,decompressDCtx@collection_v3.cpp:151,727,1000,4.362,2753781.348,11240093.191
200,cnt_win,decompressDCtx@segment.cpp:164,1,1000,0.001,94.314,0.0
200,cnt_win,decompressDCtx@segment.cpp:263,19,1000,0.02,116.55,3739.021
200,cnt_win,decompressDCtx@segment.cpp:269,980,1000,1.047,15336.834,16848.821
200,cnt_win,decompressDCtx@segment.cpp:306,996,1000,1.064,5455.461,0.0
200,cnt_win,freeDCtx@agc_decompressor_lib.cpp:290,1000,1000,1.0,0.0,0.0
200,cnt_win_sorted,createDCtx@agc_decompressor_lib.cpp:184,1000,1000,1.0,0.0,0.0
200,cnt_win_sorted,createDCtx@collection_v3.cpp:148,1,1000,0.006,0.0,0.0
200,cnt_win_sorted,decompressDCtx@collection_v3.cpp:151,5,1000,0.03,15453.008,62616.755
200,cnt_win_sorted,decompressDCtx@segment.cpp:164,1,1000,0.001,94.314,0.0
200,cnt_win_sorted,decompressDCtx@segment.cpp:263,19,1000,0.02,116.55,3739.021
200,cnt_win_sorted,decompressDCtx@segment.cpp:269,980,1000,1.047,15336.834,16848.821
200,cnt_win_sorted,decompressDCtx@segment.cpp:306,996,1000,1.064,5455.461,0.0
200,cnt_win_sorted,freeDCtx@agc_decompressor_lib.cpp:290,1000,1000,1.0,0.0,0.0
200,cnt_reg,createDCtx@agc_decompressor_lib.cpp:184,100,100,1.0,0.0,0.0
200,cnt_reg,createDCtx@collection_v3.cpp:148,1,100,0.06,0.0,0.0
200,cnt_reg,decompressDCtx@collection_v3.cpp:151,85,100,5.1,3237997.89,13230427.54
200,cnt_reg,decompressDCtx@segment.cpp:263,2,100,0.25,726.59,13007.11
200,cnt_reg,decompressDCtx@segment.cpp:269,99,100,17.19,242595.99,264930.5
200,cnt_reg,decompressDCtx@segment.cpp:306,100,100,17.37,64405.18,0.0
200,cnt_reg,freeDCtx@agc_decompressor_lib.cpp:290,100,100,1.0,0.0,0.0
558,cnt_win,createDCtx@agc_decompressor_lib.cpp:184,1000,1000,1.0,0.0,0.0
558,cnt_win,createDCtx@collection_v3.cpp:148,1,1000,0.006,0.0,0.0
558,cnt_win,decompressDCtx@collection_v3.cpp:151,922,1000,5.532,3429790.007,14144777.06
558,cnt_win,decompressDCtx@segment.cpp:164,1,1000,0.001,165.593,0.0
558,cnt_win,decompressDCtx@segment.cpp:263,21,1000,0.022,137.1,2782.793
558,cnt_win,decompressDCtx@segment.cpp:269,979,1000,1.049,15588.363,17405.803
558,cnt_win,decompressDCtx@segment.cpp:306,996,1000,1.068,5834.469,0.0
558,cnt_win,freeDCtx@agc_decompressor_lib.cpp:290,1000,1000,1.0,0.0,0.0
558,cnt_win_sorted,createDCtx@agc_decompressor_lib.cpp:184,1000,1000,1.0,0.0,0.0
558,cnt_win_sorted,createDCtx@collection_v3.cpp:148,1,1000,0.006,0.0,0.0
558,cnt_win_sorted,decompressDCtx@collection_v3.cpp:151,12,1000,0.072,42344.415,174141.052
558,cnt_win_sorted,decompressDCtx@segment.cpp:164,1,1000,0.001,165.593,0.0
558,cnt_win_sorted,decompressDCtx@segment.cpp:263,21,1000,0.022,137.1,2782.793
558,cnt_win_sorted,decompressDCtx@segment.cpp:269,979,1000,1.049,15588.363,17405.803
558,cnt_win_sorted,decompressDCtx@segment.cpp:306,996,1000,1.068,5834.469,0.0
558,cnt_win_sorted,freeDCtx@agc_decompressor_lib.cpp:290,1000,1000,1.0,0.0,0.0
558,cnt_reg,createDCtx@agc_decompressor_lib.cpp:184,100,100,1.0,0.0,0.0
558,cnt_reg,createDCtx@collection_v3.cpp:148,1,100,0.06,0.0,0.0
558,cnt_reg,decompressDCtx@collection_v3.cpp:151,88,100,5.28,3219907.01,13304805.07
558,cnt_reg,decompressDCtx@segment.cpp:263,2,100,0.11,226.51,4309.28
558,cnt_reg,decompressDCtx@segment.cpp:269,100,100,17.51,254182.28,268580.5
558,cnt_reg,decompressDCtx@segment.cpp:306,100,100,17.52,58663.03,0.0
558,cnt_reg,freeDCtx@agc_decompressor_lib.cpp:290,100,100,1.0,0.0,0.0
