id	sha256
y1_HG00438.1#0	d0f1571066e041302310ba39c3c914a7cfb87044ab23d4809ccb5e7c57f090a2
y1_HG00438.1#1	fc851bfbed53decd134050bdfcd6e5ad1f9185d3af81778bf4c027239c05b976
y1_HG00438.1#2	371b2401ba67a94a216b6fd53f2a1fa5f9291bc2e2d80c77d5f02648411ef02f
y1_HG00438.1#3	56d9f4e7b0b5531c37e889ca6da66792898aeadd701562aa04d1c5df2d54ffb9
y1_HG00438.1#4	b1d6fe0659c7c34a1cce71a101a1dfea201ff7783bc7cd20d023d502d9d49682
y1_HG00438.1#5	959ca8a10d90022872942a77fa54493c184d25e4a7ef7ce508b3309396942db1
y1_HG00438.1#6	937fb5350b978ef67b47e7025aecdc1dc2da4e5fbb688ec8f3b771f71e868964
y1_HG00438.1#7	ae074e1c7ce2f57dacd1a9719b4b325c52c22631b2acccedf3f65dcbecba13a7
y1_HG00438.1#8	99a9628187b676ddfd0e6b58438b5ffc4d01b03358b245897b56078d3e6501ce
y1_HG00438.1#9	a0d98418c8f667e1c07835f33d83b9eaada7082e0a4942f723add316c7312ad7
y1_HG00438.1#10	15b9c3d7d810912dfb046a9cb1f6a8924320a88d962a1b7fe3e287a9e0a5d1b4
y1_HG00438.1#11	38c072d15ad482305341d7422d717cbc843f93492bf8e74c1b5b316c51254882
y1_HG00438.1#12	2ea765b0b1c169fc0da45ada5bd5a3f396c0e27262a6959dc702c26983459318
y1_HG00438.1#13	bc8c004a49ee5e9af20853a41ce237f16341b6568ed6cc2f4d3193abbfe02cfc
y1_HG00438.1#14	ef52a165ef1d520043c3c2f520859ff4b25455ce35b6ca7e6dc29d51fd57b7ef
y1_HG00438.1#15	54389e44a2cf880e167736fe824faf7e666997fc85fb148a78236594a78231dd
y1_HG00438.1#16	adc698e45035dd9da3cd64e4a2c45b0a1c3c815f404767df5507de47cb552f34
y1_HG00438.1#17	50dc06e21db1e83a4577d90630ae4465ee3bde0a35ad0b4a8e521f1828986bfc
y1_HG00438.1#18	516904d088c6b2a1315863058dcf7b491008105859d9e0f7a652518ae4928217
y1_HG00438.1#19	8565a33ff78987991e4caa973bacecfb4da9d9d4e9258714a9c674b3fa5d33a9
y1_HG00438.2#0	5cc320095e7613d34dc1dd7e2860bf178025421556e8f1c0acd31a7350520d4f
y1_HG00438.2#1	660364ab0efa53dbbdbc9aba2bd8a48a0e9d85a9f0c11536cb178ea14265c404
y1_HG00438.2#2	1a3688407fa2ec3d80711708028879ede2b34688efd018f0c7067e2a68fba624
y1_HG00438.2#3	fe5daa6698030555095bfad34f299ba3049476694ad2b5c373e2ff571a6ad838
y1_HG00438.2#4	a5573dd3ba5ffed47ec71455539401fa6639834a842a843f5308b8c7278cbd25
y1_HG00438.2#5	f962a965229cce9de7dc0a1bb9e3b9080dc3018652486ce8b599553a5e871c21
y1_HG00438.2#6	8cb3e5f7d936dcd732d5b16f443593183ddedaea06ab93caa28303834e29faa8
y1_HG00438.2#7	691ba5f38845feab87862158ddce114d5b7cca48cd4400306664f66891eccf2a
y1_HG00438.2#8	d04955fd9fc90c7e3095a98535b20f1bce524c4e8e6f945776b5ac5c0fac64c9
y1_HG00438.2#9	10eb980f84741cab9de675d04db87e23fcdd683d50da02274c94fd4809864cd7
y1_HG00438.2#10	7289a422d6fa201e1776799044015153e2966ca9d711a34da48a323a2f49a61a
y1_HG00438.2#11	aadf45893c6e02719fdf2318a6d86d0d671550772611a45508d626507ef714a8
y1_HG00438.2#12	ad04a8108f339501537c154a98f70c17de900ad084ddcfb908b46b3e8cb32ae7
y1_HG00438.2#13	4c4e37b03a54fb5eb4baf89379fcda5a6dad42e7312165741c215dc50b14579a
y1_HG00438.2#14	cde0dbb3fb43cb73f97c169c3dea9bcc8d9e8a3ff68a61788d7c691add7b198c
y1_HG00438.2#15	b36e39ab498c94c542396d347f4bf343fee9d6fc46786527c95dad80d6600d7b
y1_HG00438.2#16	85499600ad3d06bd297a8f938d16ea5895bb1c6817a8bcaf49d193d955795aca
y1_HG00438.2#17	0e6e8a5206bff26b2f5da14c8cd5b3ab5f0dece8af87a81a07699990d840ecf2
y1_HG00438.2#18	d11f53404f37efef243ffc4fdf020d35a4bf1ff322f5c2619fcd515e4a14f21c
y1_HG00438.2#19	09de71b57921c24c6bc57b2d2eec362f9c38ffe9eed92bbb8fd40845eba2de29
y1_HG00621.1#0	f4a08de5a40eeeb883a3949a3e17f1918c2c8079b2fba0bb16b1d3c5cfb5fcb8
y1_HG00621.1#1	0d2ab71a540d109f0d77329e7060037907f9f8f888716159288fe4522b538686
y1_HG00621.1#2	f4da34cfd243ccf7acd876657f83a46744563af2738434141f741b069e171f06
y1_HG00621.1#3	e730aed81d04475e9337213acbe1c6d72b2817e2b93cd43b681ad4e6682d301a
y1_HG00621.1#4	e8f397f62a7746402127f0f2baf37d797f57b9966c0b117178b5ee44a045f62c
y1_HG00621.1#5	ed8e0e345a9718d5834acb8ff990d148ab7f09bf00aaad35cc4a6c0278f5ceb0
y1_HG00621.1#6	7896de9914dee14b2da2a3998174e2b1ef23f21327724f407ad79e92af12eada
y1_HG00621.1#7	3d9e2b46b2d3c5240ce5c3bd8d1e39e9532d4a458241fdaa3043df2af75e8e33
y1_HG00621.1#8	3265bda20f660179638c48759d651ddee87607bc46649444c938cd2345e666da
y1_HG00621.1#9	e67c9ce5aeb6eb6ccdfa68756a799cb3dcd8e6b968ec9d842c6849aee3ed1e5b
y1_HG00621.1#10	686b96d212f4d6fea8b6fa9926788cc66c1bfeaa9ffbe8d5bb5415582eb750e1
y1_HG00621.1#11	82fc3f1e0873444df5a64306b8441dc7d77a568f1aedefccbbeb15fe1f8f2868
y1_HG00621.1#12	f2f117dcd6e1324a3cf7d536b068a18f17c744923c5da7ccaf3a541283bfb52a
y1_HG00621.1#13	a6bc225d9b65bf99435f35bb78b9a50caeb5b83709600a421b52ce975ee55c09
y1_HG00621.1#14	2b543bf224210da115f099297328362814a26e3f0c9fdea2aaec95611f5df358
y1_HG00621.1#15	8431f210a73f2f3864338dce55c4edb01a238fc22a354864bb4c02b38eab1e44
y1_HG00621.1#16	8388a6c00aeffd4042ceee52fb23cf1fc5ca1fe420463749266af95aef0fc90b
y1_HG00621.1#17	c9e7bd116893d9f3d5fc838204be517ebbbf29c6c8aa55b75e13b81d41bdd329
y1_HG00621.1#18	d1bd16bb4153702912c5634168e6ff71870aa7e5e48e37be3f56153c562e5334
y1_HG00621.1#19	4397d43ce4cebb0b5e0d726db8b80c4a4a1e56fcd87f6df145cbcbb64efd5797
y1_HG00621.2#0	ce690c188ddd5a689c4fd1ed03a1765c5e3682fcb1ef0f6c511f57eb6ee2262d
y1_HG00621.2#1	a49a70e4fbc389e24a6e636e303074e9e5c3c6af071a4f08c3ad30baceaf5e08
y1_HG00621.2#2	5e68edbf7c5d29c9106508114db72cc5c9d25b6a277c7c3830bd6f19c14303b8
y1_HG00621.2#3	e6c29ae514baca6815fcf6ee807d7d495f58d4aa574ed26b734ee7d4cf19e30b
y1_HG00621.2#4	2b8ecbbb9a44d4e9c54cc2453daf31e85996f37d074ccdd21fd30fbb000f5e3e
y1_HG00621.2#5	86932ace84f06966b92109384d631d983e08a5af32b894926a2eaa48d12b21c3
y1_HG00621.2#6	4e794428d3e381062f4107f8fb26e610e0bbc9e5d15ecba2cc7dc62b52c10474
y1_HG00621.2#7	07c75eec301cc5b6b8f152ac67eeb2a4fd7089fdca29b2668eaad1332f6b0abb
y1_HG00621.2#8	3745ccb3d8d54c271282c392c1f3caffa41f972b45613f59ad9bdcad9d466440
y1_HG00621.2#9	a021b13c3a977c1ee407295319e3185a33c9a4a77e5001c3c5c5c4c14a5f63a8
y1_HG00621.2#10	f748a81b2868a3b7d94f8f9688e2e84cdd885e38cef684d5ec64cecbb45bfb47
y1_HG00621.2#11	a55acd0256d0d99ad364e7a5ff48bf6e4971d1525a5b20ee4ff1f8f7afa464e8
y1_HG00621.2#12	64a25ef12bbb075786727a00fb7000c149bd829d74e0dc14bbfe475c244781ba
y1_HG00621.2#13	de8a57f4d623d191259cb690603fde5ff71490450f6bd8ba715a7c4870933041
y1_HG00621.2#14	42092b1084fdddee87c2890079de596f2e89aba75f2330bd2c551614cacd7a12
y1_HG00621.2#15	aa0f410f249332000bfd404f08e9d91494d2de62d8a3907ca2bb508483d9004c
y1_HG00621.2#16	0baf5c0be102b32de9430da0cea40596a56177a8f54e152f58c33532b12420b2
y1_HG00621.2#17	412e147a0a7213d6a994d9a34d7b519978b1e2d562ce2a639dfa14d9c94b7b3c
y1_HG00621.2#18	f0e47c19567b4c6dfe90d805f8ae64282913861b99f78aa333869bfde02124ba
y1_HG00621.2#19	0f671742bf605e51b59c5d9659a8c28a2c08e04727cb47a320ba4305427de0e9
y1_HG00673.1#0	681a74c328ba7e823b28794688194b3ab9c4a101c8a12f2ab829c364324cc896
y1_HG00673.1#1	0338b22493e1fec6425919da9c3fff0500a02dabe33843537e6f72f00765b840
y1_HG00673.1#2	b46f73218ab2b249184ce2fba9f1cd5e4ef41cc9246b62d369d1a3ae49c566b7
y1_HG00673.1#3	0078f96fbf3047c0f1739d4bb92c41268fdba7053663ded35a48d126726573a3
y1_HG00673.1#4	14fd03b49df9f4a38cb59ef109bd50f187b84ab6c2ca86f50f174041b37672bd
y1_HG00673.1#5	df1b21676953b427637d3474bff9ba5366e2a068cd76d393650cf0225041888a
y1_HG00673.1#6	1eec722cf51831525b1159957e3a9a3b589261f06ea18c3afcf919f0a0550888
y1_HG00673.1#7	7aba76a10b6b5dad1cc5591de66ce8836fb111b3274b8ba635f8bb08af64e202
y1_HG00673.1#8	8f7ee4403e849dcef8f723d1f430f5b196ee48fbfbc7d93eb0ead05c2c060c1d
y1_HG00673.1#9	705ea42d27763627c783ab971567c81c0e258a3cf637a395b3978bab759c299a
y1_HG00673.1#10	1fec853a6ba598819a8d639ae03502f4ac85f9eadcf6ddcfbc276acf2ce3bfdc
y1_HG00673.1#11	a9d88b4693aabffa66dde8636e8a2c6529fd53639024182d2b14c20f5761d38d
y1_HG00673.1#12	21b2aba76bb6d6c6de1213e0da25935582415816f97f2ed7055fe8eeacc6c9f6
y1_HG00673.1#13	83acef374adc30240d53b985fec656bed32bf8999e889d1dbe1e51b32733ae7a
y1_HG00673.1#14	2d1b49c5605403a15aea64d4f0ecfba92e7f759785deb842269eda86c5618adf
y1_HG00673.1#15	bfbe26f7a60c71f6383f358575a7a6589cc85712cdef236899d0ef6324ea047c
y1_HG00673.1#16	186dc7e3d0e4aaf0c9f50201b4d68494b59c869c7b14bf8388a738ba5b46268f
y1_HG00673.1#17	cc80055615df8e3f3a631fb7c2096ea4fff10ed376f433154ac1a13e4da54dca
y1_HG00673.1#18	72888e353a87b5580d6f81998bb74371e835572e120214d40d671b0f462a9513
y1_HG00673.1#19	f937037aba3fc667ea84feb52a6f9902085249bee1260f2d5800889195e68fc2
y1_HG00673.2#0	91683f6ffdb2271cf58430961638810c82757e54831c70684a91c3db6a655ce4
y1_HG00673.2#1	b1a4463233e71d13f914c3bb48bf411f2e389f8ff9055d4e37a2d8e36995b296
y1_HG00673.2#2	2bceb70dd578a0efa9aae7992257cf887b6a21659d08934bcf92bc1ce2baf7ab
y1_HG00673.2#3	9185909dcc586b1a654ec9104d85ae5e29bc42ecb2c519969869c5b9e75fc69d
y1_HG00673.2#4	27fb3d5a7f941ba8ba0353bf1626bef6d4f709c467a9477a36a8f11c25b7d16d
y1_HG00673.2#5	fdef153478f46028350afe2469ea3b7c1e5effbd2fc54f9184b07b51742bb9e2
y1_HG00673.2#6	68d83eb47ee284079da3bde5d428ca29489f39e90bc39d0c604140c76bf2dc54
y1_HG00673.2#7	f690759c64447ae201f3c257989b7b4dcdbacf37aebf96063fbce3600cc95110
y1_HG00673.2#8	52a73636db82c5d64034f95cb8fabb5392813e25369e7083ca22facd935505b5
y1_HG00673.2#9	7f611f4a9428f0691996bd06b3fe1579bd64c1ef2fb9ae8ff5b9fd8fa3777301
y1_HG00673.2#10	6f365dc88fcb163a47f6c0bcf3118b77eaea2c11d8ccacfe6da35dcaf659f18e
y1_HG00673.2#11	1bca227fc3919ac345908c449d2626be27d081286bd657b60d0e0507925f55ed
y1_HG00673.2#12	a665febaaf569b19d828c8c3c86ab0c5faaad68a7357b8ce03fdaf4b680c3bae
y1_HG00673.2#13	dbe128165eeff1b7e2c4bbbcd5d360946b422de266f8f0a9ff92ea955981c79f
y1_HG00673.2#14	1268305e3c805dbdf0058d21ff64de2a697d6df9764a8c74a01dce29b5e656e9
y1_HG00673.2#15	bb67d570d0d993cb9ecb8a7553bcd51de6290eaa0cf936f9ca38b4a54ce7de9d
y1_HG00673.2#16	daf4e1be3531e661ba1d44d052ae2eb2dedf3e11fcfbf3a5d94b28e772d16899
y1_HG00673.2#17	259d18b8ad0345a2dc17af2d2ce625e91809bbadf4c70cff9be08d6cd1f280b0
y1_HG00673.2#18	44ad5bddf28b70e1d9a6252f107600283fee80b95e972aefc707aa00faeef72e
y1_HG00673.2#19	5f24ba1200d9a3d539ce0c2b565fad39463abebfc480aea09ebc1b70b74c35b0
y1_HG00735.1#0	0385df61452dbbf732aa41e75f10d005f459f3317b3f605a98562aea6404d5b0
y1_HG00735.1#1	e61c0065b37b9f0d79429357a6fb04830f596da5a774dcd6750cb5f5d30c4326
y1_HG00735.1#2	6dbbe5a291ce8e9a8e929901eac73d46bd283b12a15e2dcf4cb4fe00a09abfac
y1_HG00735.1#3	d57c85552286488933272ee6f41ef353c53af99d3f4badbcd637b39d72af033f
y1_HG00735.1#4	c7160d96ec6fb60db55f84d0804d66f2a84f9b6db83a9c5bf7abc8ff9d78e562
y1_HG00735.1#5	c9e9bec81c41b3edbcb9108385561bec0598e82817e92c3bfd0d4b2db126876e
y1_HG00735.1#6	70c25c073b9171d92672256a4488e3af7b2b9d33484ef9a88049ec68b19e7a91
y1_HG00735.1#7	0575f8d8cdaba317ffe467e8ec4c82c02660dca7da18e7bcf6aff7b550af7c5c
y1_HG00735.1#8	5f863950cd5a7228077b238d8d5def0b42b45ac87a9a5ef3abecb02b06625afc
y1_HG00735.1#9	99a62739cbfd78d6dcdd33a13a58ab14e4a918cfe4fc3f60be25555c0c3b6cf1
y1_HG00735.1#10	c976441a183355ffb50c6cf37238b0c87694078a52e526d89b7d4651704904a6
y1_HG00735.1#11	3b5e80f906633590ebf924c1a9f1cdd7f4b39fe1c6661ca9a5f871c66a57d1b9
y1_HG00735.1#12	a1e1dde707eb3785446339fed037eeacff944c3b54349dc7745edcc8d7a6cbed
y1_HG00735.1#13	bccbae92c658b9d80896f423f9c0e9ababf9b7a599ba42efcf2e6e9a828f202e
y1_HG00735.1#14	a71681289492ec5f8d1c1826e8bba092c4ef70d79f04f50fea03c4fd0907efb6
y1_HG00735.1#15	6a730a43f4f9aa7f4711688ac7a79e169cc2a9b6d5aab1c1cca5381e63bdb742
y1_HG00735.1#16	40860fb0b803dfe90f3f2942f99524c0ff6f3e097de63bef8e4a4c132db9d97b
y1_HG00735.1#17	0aa376c7c7a10f867e525877320c85f0eb763f6609eb761efd9d95790cf34886
y1_HG00735.1#18	0d6d5f50e4e57783a3f42870d4204238870b329838d29019118cde977f3f3bfb
y1_HG00735.1#19	ba3a8869eed7b84a07d3850c081e5b92451e9173d6d02636ef0b1e465c9c6bd7
y1_HG00735.2#0	7df0700a9960636b1d8431742dd44e51ea8f50961b64c3a82c8140b1182f599f
y1_HG00735.2#1	dbf9cc5424b641d0f6e72d3d441236f2bccf39d5d599444a02247d83f3c37aa0
y1_HG00735.2#2	5ac37ce8c68f586137cb20fe6ae9fe4a37fb0a4e84b42eea1e3c67045999d168
y1_HG00735.2#3	328f659621181531a74671a5f319db9e50ac8e2782a91afd7c16d237256cecec
y1_HG00735.2#4	9718c2ea1e557c84abf7898351d200bc8689df002f4b57a10680cc32f6cc0871
y1_HG00735.2#5	56f04d6bcb4104e9a911cc8206f4e3d8b8b484c8bf3cb7f809aa4dad48b828db
y1_HG00735.2#6	a740545dbc83a261a1ca07c19fe2ded68f2f8bbf395c5262a542fa20e6c2f576
y1_HG00735.2#7	05d896291738e13acd5840132564ed82956f620e120dc8682d51daf9d2449f73
y1_HG00735.2#8	15b91696a12b350874a7e6699210acc23bd4f076020d853833b1d38f73826851
y1_HG00735.2#9	69d56f72499a969b8bc525469b67816b0a3a521257cb39cfd2ecd6c12fc14052
y1_HG00735.2#10	5c6f8140b3c6f0b72c634e72c427831ae11daa5a3f8a1703a78b2b0fe98f036b
y1_HG00735.2#11	0985c8c218822af8cf696d481e1623f5967737e44779a6f5b99a68053fd4514a
y1_HG00735.2#12	c770aeb351296bdb30a66304c520a042a2188cb86267cc98315d2d7718742032
y1_HG00735.2#13	5465e85ad970501680892461517d9fdecaa8a21eae76fdd093109fe35d3095f5
y1_HG00735.2#14	fe625cd6574cf80c1a68bba8a7eb227f692fcc52561f4a0e6a8c103d19673b56
y1_HG00735.2#15	28a1bac99f76aa475ed01beb7d28daa58b11088191714f70d32cd52601828a04
y1_HG00735.2#16	0b497b1cf5122ce976f67821262ec04353e089a16d6e4b661fa9f47428fdc51e
y1_HG00735.2#17	654bc943e474fe827d62ebac650796a40f1d954077a8196d6a93ffbb55d48ed4
y1_HG00735.2#18	399f85d86f1aaf3f5f83461c3564fe9395d6fa1bf2c8c2bd0ef50d37cd74f1c3
y1_HG00735.2#19	9edd3def41b04e017fd0d451ae2863e98ed505ff88ca188feedc845226c0891b
y1_HG00741.1#0	438fcad258e24519b1038cdd8fd0a7dc2b80fbecb3662036af17dc048a051c15
y1_HG00741.1#1	b2e8025ddac6a39912c9bc97686a85bd032fb6a1288343489b0c809f8712127c
y1_HG00741.1#2	7335577cc931bab08ab041d0f87faab7bcee4d29590d1fb64c9053bcd1d501b9
y1_HG00741.1#3	81cf0f8d3374963bf5ec410a0a0fe7e0bbfc2f45624a630cceb112ae52c966b0
y1_HG00741.1#4	c9f04fd2cb0fc08a2513e8cd8ac897f23120f9751efabd0a5c67997e77fd0733
y1_HG00741.1#5	e77077a10796b5aec3fd2cf74552e7fda521df9ef3feca42b221dc584c5cf5d6
y1_HG00741.1#6	8c9c70c87ce5692b18424f356bce62292e10a319529064f8d8a5a499877fea13
y1_HG00741.1#7	a2d1dfd9bb2bdfe19a179427c31337b5be0addaaf7c7a2ee320c58cef6807cb7
y1_HG00741.1#8	e2a03bf1a45ca364077f352353891ab60e2628e72f73373a57759142a946f493
y1_HG00741.1#9	b9eb4cc8875823f93b6c069654e123bafee1b99d9e1f83af68a9a2f35b53eda6
y1_HG00741.1#10	05963a074f8050b77f5b3ded8177c71284198fbd9f681438fbf7c77c6b1c8bb5
y1_HG00741.1#11	ea4e2445c0ca8d2a86131a99b81071538d51214746bfd454f1737159d3f98ddb
y1_HG00741.1#12	50bf14cea3f2d8c8f16276c932539981175806d199e465bacaeeaa9bdcdfe582
y1_HG00741.1#13	99e059050bd94be89a663e342eaaf4d69450385d96f538d807a11893edd074ee
y1_HG00741.1#14	219521184810c50dcbf66eae9aa6a0483fea436b75f1484c7c3e68d47ce22d30
y1_HG00741.1#15	b4946f2160866005aa15f0f2336cf11ea16d89ca7be76e394bab627afd91ad34
y1_HG00741.1#16	a3af0e1dc6e21d2906acf0d8d84116c3529e7e0fabc79ce4b3c5d60b2b67f290
y1_HG00741.1#17	e57e86548cdd6b32ef89a69f01b07dc5a6a205c445948f446a4a0fddfe5de33c
y1_HG00741.1#18	d49046658d5a852628061cac145430cba794ea271c4996d90a1957bf5f479161
y1_HG00741.1#19	a4a5dc3095d3b3175727511f372c02aff2b695995c90224e65e60c69f4c4eab2
y1_HG00741.2#0	99ce8a2d3d6054526cc39579f6b8a4d4b898c7ac1af549e08da9522c02010dd6
y1_HG00741.2#1	01d9c14f5a4755ac241ff0dcd3d0156f988e0ad993dbfe5156f7e12692d83d62
y1_HG00741.2#2	e0619c87a536a16cbc1469076b0d5f14c796478cfc3e594bcdfffe14730edd29
y1_HG00741.2#3	1b4439bd4c1ca81545ffaa59ecc0dbc5c9854b09bebd379b32ad140cff4a59ea
y1_HG00741.2#4	885f5701c2fad9de1fc50fa21d3eb94f50d808e6a0bca49a2736dcf6ba75fc88
y1_HG00741.2#5	12a1805e5c4bc4edbe21893f008ad3c386b63d6ec26b22d1c95d94ef67f69d2d
y1_HG00741.2#6	6a8e929a8d9babe2785487fb1e286fb5fe2e6a494bc0c653219524e1d6e0450a
y1_HG00741.2#7	8a5287bfcf4b3fa6b94553bece57f84dcd9716f3d7fa06a16a32ae05aa38ad38
y1_HG00741.2#8	6cadfbfa4cf6aca0a086d437f255118769afa16f4cc7307276bf4c54c57733eb
y1_HG00741.2#9	07fd9e063f33a2cb1245bdfb9a43c12ee5598bba73add5677509e116025dd725
y1_HG00741.2#10	9859d9971261515feb0124cdaa191881e40445df59d3c8d41d7f084d53e5325a
y1_HG00741.2#11	1c336383d8beadd073701dc1d3a1cc1df5717b8557d4a0dfa97b57500f84163d
y1_HG00741.2#12	2f5879f82b9fa0120b3559730976869b8749b5766cfb8158bb5257a1afbbe159
y1_HG00741.2#13	b8d544c74560c744f073ffe268386f8f518a39090c2d88b1537033df87adbd04
y1_HG00741.2#14	3919a40245a68a5afe9f8d437a5f8f71a3176b411dccb698f2421ec21eb61c5a
y1_HG00741.2#15	b97bfe14af83d2af5f62541c8864452a36c05d8815237b8ae64f113c3bff1c90
y1_HG00741.2#16	3e07f017fa4f332b75be07130981167ecc70a1cb4c467290d2c7050dd91abcdd
y1_HG00741.2#17	3dde66e2de915b5c8350528ed3fc1e065981860911d41e1f7229e9ac71c2f4be
y1_HG00741.2#18	24288a5cb2e62c971185228fdba9205eb8a56fcd5ea50fc6fd1d2b47826ec530
y1_HG00741.2#19	f0fe886e40cb38b8f87a5480768a16e5a3054e2b13f99ce9bd3f5336e0d1329c
y1_HG01071.1#0	3d88b85a9e91c2da67ea6a50602665c3c13573e081f5fbe40cdbe7ee54dc3cc6
y1_HG01071.1#1	aa77b1fee0434662371986223281c158509fccbfa0620081ba955cd49d3649c0
y1_HG01071.1#2	ed3c803580de9f530cf68779502ea3955931495d8ffcc1f223f262c09906edbe
y1_HG01071.1#3	49015816ade5c42d6807c3a19bb930b82ee9abe2433a138ddbd82e4dc4d583c9
y1_HG01071.1#4	76d400c42027e5b3b547cdf148f5bf774a265f7b09d4d8b03d55fb27f2375606
y1_HG01071.1#5	b242aaf0c512a2dd63054d944387b40dc23694be4ea378b8c6370ab10a806ff2
y1_HG01071.1#6	91a59905594c99a85ac246f8da7ac469779acb38778545b8200596670177aa22
y1_HG01071.1#7	21367f2e0a4016551667bf79e7ffaf2169db5d5b9826cf640d2e58c37c60da33
y1_HG01071.1#8	5575f099a244752a1c398f395cb6c7665e3b3268d7c9412fe9a56247cc7543f3
y1_HG01071.1#9	bcb2e6dcc9a228a3b510181124eefea68964612b47752e30e0d8ca009c10761d
y1_HG01071.1#10	2226b5cd439cc751cc347e52e56c24b7d06f27e6699b73b7c768dae9f76b3f99
y1_HG01071.1#11	434d37e9e9dc6023790714aad5723e53f6dbd2e787afc8e80115c693b5adff17
y1_HG01071.1#12	be90f9321c303b09a3eb616e70eddb6facd7299e36298d3ace8519b4d62e684a
y1_HG01071.1#13	0b48a83e33e7b8a72bc5658b608e97fe428de5919e61152ba885215f4da0b3af
y1_HG01071.1#14	e78e93768b70ad5459c5a084784e75d0bbb28c3fe8223b1a391269dda6de83b1
y1_HG01071.1#15	f703efb6db5064d0573a2dc28dabf304de3ee6ce04a6f2860681e2618351c081
y1_HG01071.1#16	ead1c6a3e5d962afce478fc5e19e3d69d7a145c166ce996b240329c556505fb5
y1_HG01071.1#17	71a2d7af5c7338945bdc1279c21aa83a7606043debaf561b92bcf14739d6cd06
y1_HG01071.1#18	42915cbe2a649896fdce2def2ec5eeb968480a22a4759d667b6cf1e778053f78
y1_HG01071.1#19	f41209594615b0eb7a50399684228d2c2a2262f38ae845ac71240b7eac71c43f
y1_HG01071.2#0	68b3999518de61f531c2d0c0e822e019896ac4b1f3fd317ac1e2e56f32ac815a
y1_HG01071.2#1	d15aa2e51e8fb4e1c10ee0b27e33fb602c4028a0fbf617baf52b106eca79daa1
y1_HG01071.2#2	c5c1eefc1781ce27d47e6ea6da7ee30650a3a16b71f6e70a8f887fe7f5013f5c
y1_HG01071.2#3	dfaf234070b4068abcf745781c23d64d7477409f3534daa90c807eae758796b8
y1_HG01071.2#4	0392b6d09bcbfc641137fd38dfb319b562a4cd89db24e4194b5fad38f1fc103d
y1_HG01071.2#5	adc28e765519f5306058fd8b36c6fc2985ffeaff41f794aebdfb2176adb11e77
y1_HG01071.2#6	5ed3b4394b0cb9f4795051903573c9c88a5f12f52203a030687c726af1e7d8d9
y1_HG01071.2#7	baf76300033d98a6b0719718d2d3075cc7ba627ae8c5e212271832f31fca7bd6
y1_HG01071.2#8	7fddf64489981b000deb6015644641ef0f719edca78fc76fb7dda1e4b5ff5764
y1_HG01071.2#9	5e0179e9bacc0379131190c9643bbd5708bfc9300f62e7ccb135b33171b92f16
y1_HG01071.2#10	da5bffa5e7c16fab6572b60a72a1beae2a777016f11ef12b0a10e4b069692f2d
y1_HG01071.2#11	831a31c116815c8e1191df0f727c15a22c19624f37b583736422c472ab4dc7f6
y1_HG01071.2#12	7a2fd12efc3aea340ec81d5590d1a75be070a0268ba17eedb65da31cadd3926b
y1_HG01071.2#13	1d633e26193cf8ac6bcd21e323f0fc591129807074dfb4c748a164919f8d5948
y1_HG01071.2#14	4dc53726053689b7aa46ebf1926d4360dd4e2c84b86884bd1e1b89dbc592d86b
y1_HG01071.2#15	c4a033cfdba97501056b031bc2d7fc972e61328a3d6fb601aba7d4f8c1fa4e92
y1_HG01071.2#16	b4e14a8418986aa9ffcf5eb3c3e17e35a23e6ea60cb3f1d740ae265c83e9c7c6
y1_HG01071.2#17	b10c4de053c01b11edd1cdd0144eba249a16afc11102bfd13074cc4600c411c4
y1_HG01071.2#18	9233eaa12d536150db6f8d70ce240945e57d493c83e9a0190d57c15d557c07cf
y1_HG01071.2#19	df1a9d4332f6288d353c8952421ea3a38aa41d360c2d02a75133be4b9112e891
y1_HG01106.1#0	7160abbace1f9f9c8f3ad95de8affb69f29cefefe5e821c63df88dc1c9809048
y1_HG01106.1#1	193cd4aa7cdba404d77e0ab110b624ce11af28f49e1cc2be054b0a7b1f019ea5
y1_HG01106.1#2	2cbfc7046fbb83b93b961a7a207fceff0ec0024e66c6b7e5fef94b1e277a4953
y1_HG01106.1#3	b85132744fd085af6a3d845f26c10fd92474cfc7e80fc9db273c6bd8c59cc5ce
y1_HG01106.1#4	1d840497488ab4e8e85bb95cd5b5532ffea072faca9894d45b1e924c0b01fb71
y1_HG01106.1#5	8eed2629d94db13bc2b122e2766f3eb2fbe3dc12a7fbc23e28af8aac4d2ceb5f
y1_HG01106.1#6	b55b0a03e6c6820bcd9f556a874b867d169bdb65d190b79478d943285b6ffe01
y1_HG01106.1#7	9324075691cd0925a74399b8d3e2224db40ba794a2fe8b185eef76d42c33894c
y1_HG01106.1#8	b6a9e2ce9138237b98e92aeef49348a31ac1f6d1c35708b2e0b41f2d88816b35
y1_HG01106.1#9	eb31b47a9a3d916622522404c8354e2f5d48f2707c919cbbe722f571dfa3b8cb
y1_HG01106.1#10	995734aded83cefbf0dbbd25b8d9c198468ec2303bb213a0839f1ce5736b9d69
y1_HG01106.1#11	a6d6ee918e33e5dfc7674ecf35dcaa5f445ac10a03d1b8f23beff3d397da0854
y1_HG01106.1#12	048a52e4e87785166da47f4c0add03b4fd154a8a02b94c1c540b16dbf768e486
y1_HG01106.1#13	d59783468535d4ef275942c8e98d042a4a387b08285b52988d977eb467a8ea72
y1_HG01106.1#14	797bf81ff9ad0ccdb911c9df1bbaa1e67b25dc3eb049466a6da448cd822d351c
y1_HG01106.1#15	f81fdbc52430bd87331cc6e72e743b2cfcac3b57b56ea5f9829a72d557314f8a
y1_HG01106.1#16	b4e2e54eddcb4587ca9f86dfb9c179fa1c78cf76af04bc1b8af076b064a5678f
y1_HG01106.1#17	d3af496f973ea542ad4b2aa8ffde2f1bc91e48b7e87ec29311d988d16ecf8877
y1_HG01106.1#18	0be42ee028dd1fda254d2a65f1a77c5114866ad94838c6d8b1394ec056cc6b3a
y1_HG01106.1#19	badd0af9f790fcd92aa5fca94aa6ae69fd6cb7317dd710f04a5c5c779d59487e
y1_HG01106.2#0	005182b237d14425670185fca61c68ed4961c5959c81643e4810ed945996dc75
y1_HG01106.2#1	2741a655c5687e7feb200418e0af36755eb5b8cfa61a924f194fa1bfa7ee7dd7
y1_HG01106.2#2	4c82a2899ced7ae62751c2227055fe392313f81f86667b9f28a62f1213cbfa4c
y1_HG01106.2#3	bb4ea3a00d8664900820167be1fa20022509a61d55fc1707caa51959b8f4ad1e
y1_HG01106.2#4	f1cb9d9ecead4c7e995a90d7a98d2778637fe2012d51c40edc61010e8ab07358
y1_HG01106.2#5	116d6eca87baf2bdaf9ba4f05db9b41e2580e3cc37ed5bb4560d6faaaebc8f3f
y1_HG01106.2#6	1f91942dbc2982a0c9c130fe69908d3ae50db41bfbb9e55fd1f8e6ac08e21214
y1_HG01106.2#7	ebbb4f87459491f360db2013c935398dd2c44803bac147f9d1a152d8eb6542c7
y1_HG01106.2#8	9bc9065afb77d7872c27ea5975135b6ab1dfeca72134b59035ff46919304b39b
y1_HG01106.2#9	2ef8a79e11e50e430ae5963d90e055bc8300519733df63448fb761ce1411cbb8
y1_HG01106.2#10	cf142df86a4aa92bbfa361e903098c788f80c64abfb5548a21c0498c78467ad5
y1_HG01106.2#11	c9978de6c8c50aa612c0a96a471534a2bd3aab0ff25b88ccd25faabfbee6736c
y1_HG01106.2#12	0c8b648f88435a72a83cad5255a7a629bb9905e7e850c6059ccc87019d9af166
y1_HG01106.2#13	f8da6296de96b3eb80366d553d6d273e8d761f5ece3ef73bd1dad865a7e42f41
y1_HG01106.2#14	f33669e57d9f8988348159404b6044f22ddf8c3bbbca875217b5baa705b1e2d3
y1_HG01106.2#15	022f3b5f21f72c8bcafd33ac5dbc6494f2768c0b12344e7922676c26c7097d6f
y1_HG01106.2#16	bb5bc4519f3b20d93b0d7ac925af9d8ad83703a28955bf2b5cc2e937f428d201
y1_HG01106.2#17	bf92c5381a66600ba66e07a2adb09f896f17025cd714b806b520000539cfc57e
y1_HG01106.2#18	3c4a8ad8022d490acab8b8dca021a6376e305106dee71d4b2c8fded838272066
y1_HG01106.2#19	bfefa4e30d74f67a51d08c38d48e459ef5b8737f257f9513d9bec070652a8c2e
y1_HG01123.1#0	8f2e4ee878e8980fe2d678f46db7048d80993454369a3cecdf286ad525a8857d
y1_HG01123.1#1	3942b7b1be74f44ac31224ae55b0580a20f1406094c4ea00d8d7a3fd2a26e74a
y1_HG01123.1#2	48f46d24e0b2922fff552ec735814b86ebbdea88a6ae9c066f4870aaa3c3730d
y1_HG01123.1#3	fa86260c9b9edcd39e98476d86dbfd4f6999557445863a3113ab33fcb7aa198a
y1_HG01123.1#4	0c10056b0c635b67d22de13575b1eba9ce6d3af5fb11659a8c8dc9aa8d2dc470
y1_HG01123.1#5	3809a34b4e3f504b3027ce43b673ce8aa224c52425e3ceb87b12ce2c899c0215
y1_HG01123.1#6	8061aaaa1e7c01803f932726c185b6d3ac45a2ed6127307842714e5ce79867c8
y1_HG01123.1#7	ded5aeaf475e12319945809acab2c37d8b183383be5213a1a7f305a4517ec753
y1_HG01123.1#8	999f21f6154163973da985a6acbda1366e83ef1e0583da47ed93b0581bcc708a
y1_HG01123.1#9	2acbf60e44fe1a854f3c90a5feef948f908e1fe8ae479b87e0d78e0d9d86c875
y1_HG01123.1#10	431d325d68c108ef3016a2e26e49b558d9ba8d811aef36d2f1903ca3c86fa5e3
y1_HG01123.1#11	4585f3beac73523cfb8458897605425f2fe32003aab2cdb7e7a4ed281d2c4842
y1_HG01123.1#12	58d8ceafb916e5f6a1d090e5843408037d7177dc50c30791768539898774a957
y1_HG01123.1#13	962c6a3f6d9c1769c18f678639fc700a99a8c21bc3a920c561db7ab7682a5085
y1_HG01123.1#14	62a6c8e857c2c3cc38b5ba6846dd02ed23d8513cfb21b236bb19f32c831df6de
y1_HG01123.1#15	8bd7f7887494a4e9dd656d4c9d3a58a147c506d2db8daca9badc5f96234fe4ee
y1_HG01123.1#16	f032aea496dab729be0b22f8c8c86d4a906debeb16402d62d36fac5109bc4294
y1_HG01123.1#17	1d77c5e1cf9c6b47fe9741a876cfb4c082ba600c63551341e05b44273876aa25
y1_HG01123.1#18	b8cd3c2d0f26d1d9cc402c40e467f2c3ffc43871dba7227eecf45bc5fe844eea
y1_HG01123.1#19	5a58686036fea1f65d5ad4fc5ab7389dabc57adc9799290a7a4593208fbb72ce
y1_HG01123.2#0	96cece6683742a60f975129b8e0fe4cb4262584e072316e83de6b61a6f8661ad
y1_HG01123.2#1	4163d9942f25d20531c4348e5b1022eb91c0c377244da2170bbae9a731160c7c
y1_HG01123.2#2	6557d91b820b4d696aad0256594f186ddcc6907240a3078f600ab0bc42b67a23
y1_HG01123.2#3	8a4a5559141c04be0cae9ac3cec2e13e59076cb89a2082cb99b190e097cc274b
y1_HG01123.2#4	dfec477029a99311f5fedd87415d681cd532a7cc90ab5fb09b2f5811724787c8
y1_HG01123.2#5	5c5a8b998b221cb3e1c2efacb6ed058ea82d1fbb88c07a6d789c0a6061f598d8
y1_HG01123.2#6	92e3b4e7eabb2648e92aaff5d312dd922b1d2f030aca901dafdcb4286dcd5535
y1_HG01123.2#7	929d8150868ca4b46818e9513f34387234c10cfdb83aab42f85e3d7d95c9c20a
y1_HG01123.2#8	ea50c5ae7b48a8e9f5ab5a10c4e0d5a5dbb130ca1873f02c2567fcb1174d63e3
y1_HG01123.2#9	87f5d162213fada2fefed4d97d00818c4d5af311e1bcaff974f09c75889f6068
y1_HG01123.2#10	a575033d4c3df55f46573cbec36239ada3417e1a09cc9a8c8c12d024467f67cb
y1_HG01123.2#11	b3795b9892289e5d9a2780b893ec1ec94a4a96e67a1d486500127f82382de1dc
y1_HG01123.2#12	97430df6207f4c2d9cc97c0cde6abfed801197d5e3f358d70088ac9fb5e9618e
y1_HG01123.2#13	e002062beb01ec1b44cebf0e3632c43a47eb70f0cd3623b7f3ab1ea3d6a14e21
y1_HG01123.2#14	25cb681b99b4d63ae688a36517d671fbc0f193878bf27339dafd55c75645a17b
y1_HG01123.2#15	edcbbd763650074cdfedbd444fdcc9ca75bc22ddbd02e663bcd3dec4e168fb9a
y1_HG01123.2#16	31c17d829bd4c4037e8ce9af9b3e6271d97ed2d71e12e3106f142c8692121b1d
y1_HG01123.2#17	bd33da9b6041cb743ecaf7d6b18c3bcd8e1c88e866434e4f79b3e86acf1dae53
y1_HG01123.2#18	9a286fddce6fab8a0966d590061b8207f76cbd7ccfde84d4a6a36c8d59ef3022
y1_HG01123.2#19	92a60206352e4fe8241e7b8db578e0d856db206a905d84e61f03779cbc001e1b
y1_HG01175.1#0	3010ef764796b54f882ff88ede09f6ac975b0993a3d56a13110ad8d1dae72faa
y1_HG01175.1#1	19cd05f3889b9b3648b71e49bdc8e9d29315942048f15c738b417c47e93d8571
y1_HG01175.1#2	50c083e322ce1bc537d33ff1875b927299bf48b56967a9c622b8cfbcc33c6bc4
y1_HG01175.1#3	e78df28544e7435594cbb69a8b1b576a22c508b2c65e0aa1ef7aae01da82ac5b
y1_HG01175.1#4	a22dc2ae0d22f5ec20c03a97e2d4a73eeec0cc60a2e7162e927b7912dc556526
y1_HG01175.1#5	0391aae241a9f1551ff9117fd155f26d70c18c21f714503f9ff8f5eacd899c6f
y1_HG01175.1#6	89c1d6b714c86facf2e68dd941f9aff1ffca228bd89bd5d748870e65c895618a
y1_HG01175.1#7	df93bf61b6aea3fd3506cfa6b91afbb6d7241128318bf66c1966fb3e0d76ab7a
y1_HG01175.1#8	1974ccc07233e2411b6f01b01763b5f52f274c11d53ca013087711fb2aa43680
y1_HG01175.1#9	3985620cbad3295d85265db85069891d7c9da6e43f470ee4d90943bf67be218f
y1_HG01175.1#10	9302468708858c0c889af7a97de722ec663eb8807d5ee620d1b84f6d9292e516
y1_HG01175.1#11	f3eeb408478c1aa857e268bb9c13de94844a86f162d910ebf0858791f16dffb1
y1_HG01175.1#12	f4b80683770f7fa6437ef88ef8331e8d4824a1bad852d5294045d79b32f0eb3a
y1_HG01175.1#13	ba71135b01814afcdecb88a375d9b9056f8b285f4fb1f549d113951877c707c7
y1_HG01175.1#14	dfe9f331badb1cf5c0d91b401b27e10c8f12b711fd008f0ce560c4890199d808
y1_HG01175.1#15	59dfc69b28c38067857c505c11d73e6725f3b3f2e46bf2cc3f677df25fa5c6f8
y1_HG01175.1#16	f60f9df6360d735b457fc1d9fee8057605299bd8ad64ff3ae41dd95fa091db16
y1_HG01175.1#17	c970f9b90f4ec3548d11d232622a18478961c783e42a57b647bd529913649830
y1_HG01175.1#18	c6b5a28e3a8120ee4d4a3246ef7f961b77862c507c468aa5c388d33957569777
y1_HG01175.1#19	7493d71dd1dffad119248485c9fc38db60eeb151ccd53c9bd844fd23785d577a
y1_HG01175.2#0	2d110697980ca857f361acb2d7d4c8fe12994ac2470a56b64fe130ab4b10e19a
y1_HG01175.2#1	6768bcaf7878462cebc021d8a3c0bdd9fa0ec75fb645b2f443ad01695471ee4a
y1_HG01175.2#2	975c6b9610604cdc02d16fc340d4e7bc12b206ccf79af65fdd94e5a95ed77a5f
y1_HG01175.2#3	0568c967b06e74e3a902bb55cc241d5271a1af72b8871995f7ea9f0b3515f742
y1_HG01175.2#4	fe0b8d861a3a1fb84a712e7c1a7e27947db3ed7c15e34505b426065b02e9fc2a
y1_HG01175.2#5	35a4a012f4bc69fe9de51efbd19c14f233539f1969f3595f040013ae09dc88b3
y1_HG01175.2#6	7abfb2f2705265a9ff8ceccef5e41f6000fd27efdebe2bed8bd5ab24f3fbedcd
y1_HG01175.2#7	23c89ed335c500fac6975d6733d622d60f85eb23d2941c4113ffd7126d66cf91
y1_HG01175.2#8	21e71ffc5ae199fc7626a0dee9654dea6f6665d20ce5592705cfc18987ee0254
y1_HG01175.2#9	5a8a942dffb4776f69275b894f9458a8fef0572faef3f61d5be28ee65b55f07e
y1_HG01175.2#10	8f047b306f9a7f4a4d109d406f140c74b30070529b39fb6ab63cdfd976e5faf3
y1_HG01175.2#11	167b99019324957f257a39db508629d925bb5f3c41eb5f03cde48e5b8965bad2
y1_HG01175.2#12	fd2586638be046d770954af00651efbb4602ab501f31bd1ba96337b29d909ab4
y1_HG01175.2#13	c474474fcd740abb22000435d183ffc0c98801c65496dc1d26f5d466d3779fa5
y1_HG01175.2#14	b0c574ade7319109858662425c97dd8f6eb8638f52f02c6aeae6e2cb5eb672c8
y1_HG01175.2#15	cf5457271bd7b14489459641bd706c7c8b4c0f670a66d59f33a0a2cc30d88083
y1_HG01175.2#16	3edeb0edc71115c29d91fc97fcdaa758a831172a6fa8593175b1a9399b9427a4
y1_HG01175.2#17	f8d122a62bdd180a8895ac1b1e10cc4ce38470d8443653446a237433820321c6
y1_HG01175.2#18	7d552b418e286023cfa6ef3c2c0041367d86eba8861de91cd09286261c1c90ce
y1_HG01175.2#19	e078f641100d89642f91139f23aaf8a95688f2ba8e2eab8fdb36e370b16d829e
y1_HG01258.1#0	48acb03dce894fc4fab79b31d926af086f6a5ba87fd68fe485ade78caf298ff3
y1_HG01258.1#1	65c9ff2c7b38c987ac9cc326cb78bed20f7f85ccf1c72568a95cc635cc808047
y1_HG01258.1#2	80f397e0e4e2ab745ad84c9123069a99c643d9191cc415ba6f21fe65de07e609
y1_HG01258.1#3	0991f1e97aad2791a0dc2fd9bdc7c37148fda2a7a4713f0498433a58c65a8b5b
y1_HG01258.1#4	7b7aea2e931d2c2ae4e6a6178e27c5998f00fa2bcb0c75b8fdf6539d7cf02df2
y1_HG01258.1#5	8c75043a8d9570311de81c1c772ab32baf1c6be8ff3d0a5cb58c2cd32497712b
y1_HG01258.1#6	e01bbad91cbc4f4c36a902965ff807491b999b09f6caddc21d213ea8d3bf103d
y1_HG01258.1#7	9876c013de1e3bbeeeb4f3a4719e0408610dffee433d7555938682c36ce9aaac
y1_HG01258.1#8	84a87205d831b1229fbe6dd7dae18270249554cbcd2c7b7ac158c0e8507259f5
y1_HG01258.1#9	383ac0025620dd3c4a60172fc3c988bdfaffb709630a54e52c8d3a9345efba1c
y1_HG01258.1#10	22e8bd71592b84b05e1cd8c5433041c06bf023c66254cd2c5c8f0078725e89c7
y1_HG01258.1#11	406434ec21ac22de5f1ef4ce5687f05e3c2cebb9404f4cdf409e8535a602ae68
y1_HG01258.1#12	3e098e0809e8a902ab7eeaeb90b8df8bba8fbff91320beac503309711be221fd
y1_HG01258.1#13	44b50d78d413000de7bac44f4e150d7f481983a14050beea5c8b10b866ff2bcc
y1_HG01258.1#14	40930b0796a4ed63e731c2c6329c0d15e863aa0116f2db4918e4439676b07ddc
y1_HG01258.1#15	e282e11b9e5a9ccf74abd577654e7b17912c2222a69db79702e720f5afa475e5
y1_HG01258.1#16	43639c5b42048aed09a20835f524883e33f46c2a26b33bb1aee4cdd2c57b11a0
y1_HG01258.1#17	09a1d839555b6434a8bc9fa0ff8779ac0c14b5f8927d852967b578d39c4a8ea9
y1_HG01258.1#18	a9f08ce310acfc6c6ccb52b976934e56a2d794ac271926052989989f3a36920f
y1_HG01258.1#19	27e66bf9f9c7739b4583c4c575b240cd5bd2fb9e5d287e9a5cb86d68488ba88e
y1_HG01258.2#0	56ca6591fabb8308ec4edbb017cac99534f2f67ba44647dcfcf343952765bfe8
y1_HG01258.2#1	26f6dd5050f86e96fa4836bbd2afa06556b1da614d0438d003466d9f5dca3c74
y1_HG01258.2#2	0adb9286b2c3d620ac1b8dbe41bf403f69a0b66ac4e922d9bc90387e60a32528
y1_HG01258.2#3	4786cb246c49efbc648d1e69b9022ebd06ae6891d49729ae75dcccccf9329113
y1_HG01258.2#4	35c54791087462ea45e6d8a433c33ddc87a4cd8ae4121ff89090ba7f303e1182
y1_HG01258.2#5	ba61fbe66ea4000cb8d5bf953a8fe32eba958b9189af04e539638a05461ab91d
y1_HG01258.2#6	3925efa95b12c403e56ab532d10a0577f0b4ee91a26c7230763516af7d809f55
y1_HG01258.2#7	6c878aa3aad377bb99f6009636da0e4c1820819dbd0be336577c559739be4dec
y1_HG01258.2#8	6e27cd8d343675ecdd7026d17ab5c4e0df2e89c0c70ee2913de2241008705ac2
y1_HG01258.2#9	6688ae3d40478eded5510bb9cad3ba6e0a32dda62c0f6a2b278496d27446d5d1
y1_HG01258.2#10	ab82748fad9a8b57ddda44113c9a3d7e7fe5edd1898fae3550a0841379b5de23
y1_HG01258.2#11	cf8c6b692dbeb2034a48ecb8ee099a3365010eb669e21818a3d9f307ab8a0bbd
y1_HG01258.2#12	4d3e055558b4fa253c3634c2431157d451fdac19864db74203df145de9142f07
y1_HG01258.2#13	51fd845b6ce6e449b543e240df4bc125573f9793a34353f3af3f2d26f74914f8
y1_HG01258.2#14	d7dbe04e6f449bb1b97530c1d7e3dfd67a6844076e7d26da1d82e5ddd224b632
y1_HG01258.2#15	06f50841f50ccce79680f5227b91911f9babf0d45870f1089ca48af35b79e57b
y1_HG01258.2#16	a1dd2203b37b378e2e4b627211e0a9b4f691c0690b862b32f253d853ce1a72b5
y1_HG01258.2#17	bb718de77a09e7d269af368a63e8eb0689ed791c27eb58ce0b37dfb05228e9a8
y1_HG01258.2#18	00854b78888a8e1a42c26f1aba35d53909b69a223bc83f47580e6c760e0b844e
y1_HG01258.2#19	33674ab184570b2fecd7f7dc642c3eb2c39f9f4a4424d45af6765f984987af93
y1_HG01358.1#0	a9e3bfea4923d623a405e0de552906713068df42233e5d60a5d26678069cbcaf
y1_HG01358.1#1	1d90c744317784e5f81a4bf1235fd6ca449acb85a6a95615c4622e011d31dbff
y1_HG01358.1#2	6e30b5c83567c85d468ba2515b5f25aca3662463bc3e97b0259912204dae9261
y1_HG01358.1#3	d990d1e2cec243962cffa893be6da1df936cbc14b37482295750adf4a4c6dafd
y1_HG01358.1#4	9055d65f33822ed159699d28ffcf5bb66138f8d398f24bade8ea6970f1eb5f1a
y1_HG01358.1#5	a7328f3df8bfbea80a37bde2d8be49f0e29ca4f3520a1302154d86dd24e0d280
y1_HG01358.1#6	bfcb0a3d8050285cb941214f8a6c28f2f2c89d9ac23221184de98e0d57f6bacc
y1_HG01358.1#7	71bd92c7115eead57ab097807bbd9d5d77340ae93d9829a410452417389d07de
y1_HG01358.1#8	5157ccd21c6f3b0be7d4ae101d809c5ba0503c11cb8538003cee5c806a31491f
y1_HG01358.1#9	d0f4abf5c3fea4d12e8bb23c16a9cd8499ce79bbd728cc05cda3641442cec70f
y1_HG01358.1#10	95e166f9c9ea79e1e3aa4f5ea4a6f6a2b3dd33b32b44639a157b661743cbc58f
y1_HG01358.1#11	fedd6e00b6cee292da415eb228567d3619af4999c79ad4e89740f01f7b1c15c1
y1_HG01358.1#12	4147d56a51041a927bd21add3022f5b8d0871b6aab8c2be68bfb4442bdca4e78
y1_HG01358.1#13	da20bc9e0aa2ec34e1f75e83cbdfe00103fd531db773712ee0d13721ac333dcd
y1_HG01358.1#14	ce5ffe78df676db61d85be8fb55d393ffb75e81dd650147890c2d29a008e7913
y1_HG01358.1#15	9a8cdf8031badbf649e6d3d614f22541cf0964e121d6abd2c5ab747332b77d1f
y1_HG01358.1#16	b9dfb6600916e11691b2014e8c1b6fde676a429660c00906e17ca86e44342611
y1_HG01358.1#17	ab06ed18b8bf719542cbd46bfbb90fea148c1c0bdcdab207e87e294bb1c208d3
y1_HG01358.1#18	f8de44c810ae77c0cf937ae0c6e672446ed971bf67109a32a7c050178884c073
y1_HG01358.1#19	736fba6f8392e3a0d4e48d3aae4fce6fbda98d5acb4ca3974f8811061eda9179
y1_HG01358.2#0	41462aa098afa57f520a58b763c39b5671b491ee3154b0dfdab1efb426226765
y1_HG01358.2#1	5e6a126a4f3ba4449586e01ae5d10df0a1bea23bb500c9a339c968e83f65cf78
y1_HG01358.2#2	d34aae0364989fa7fa56a88039b96c6da2838c63f7a3a2df86a2de2aecc8b42e
y1_HG01358.2#3	af80c8dec87157beef10e67bf35c6ed91a5ed59e95a62aad291411fc778b5351
y1_HG01358.2#4	0ec49ee2482c94d439087917bf0f69dcc8899172a51135e82dbfd1e88a4dcec6
y1_HG01358.2#5	f45cce17d50649122e277f0909a2c3eec276a33d7ae04a88b1ebd568aa538d6c
y1_HG01358.2#6	bd1288defd2b97674ff1305a4bff70aa3b65797d604d388589ed51221f68d97d
y1_HG01358.2#7	6202bff4e876d4234ff7dd6ea16c3ee41f9bf39ba77c211c457240948eb08c00
y1_HG01358.2#8	ca62f703406eca63fd63933f40cad4fda7fdc8477d418cf0e7a384a5cb9766e2
y1_HG01358.2#9	dbbacbaabd4e15750353692d1afa68e56a90d4cfaffb0e9e0b6187843a0b5133
y1_HG01358.2#10	877ccddf11cd3a748a73a105a4f734f54ebd99b82a3aec64934b6c9c1374a732
y1_HG01358.2#11	b71d2fc03c5c93c24d27b0601a28e95de682c87e6642c0f6ec4ace957cb3bf9f
y1_HG01358.2#12	27d3ef720562b2a85d6d1e15e3582b34efef2b3fb01b44e9a1371880fc97a311
y1_HG01358.2#13	c2535c60290d3c87c1f5dda587ef96f07d90c5a75ab9ef1fbdb2a54a1d4ece3d
y1_HG01358.2#14	050addd2aca87eb3578d17ba2eed0b1fd5d35587fb27f9375bd122279d8474c5
y1_HG01358.2#15	b8f66884b1825c7aa1dd27c99be4675b2c0534608b5da2fb127eb4fc462b2f76
y1_HG01358.2#16	9cbd5c520df67ffd84bce96f54961c9b80ee2e5c94691b9171e6601b87030646
y1_HG01358.2#17	10aadf29e8c9516b42c5f68030ce54a935027cbe58c5411602086addc224e8a3
y1_HG01358.2#18	d141b7a9d5e5a7caace58fc87835d2fa218bb4ff586e699ad35727f09959c9c5
y1_HG01358.2#19	eed740c28b782b201abaaab59b21f1186b087c012a6eb2b44ce71dca7a14c9dd
y1_HG01361.1#0	6c42d65de59961e1cbef32e005416f65ddbd1360ab75c032af85ce9df0ff3e4f
y1_HG01361.1#1	855ecb822c127b4657a7120903f2d3a31735b49d4b5137a935eb01473c50524f
y1_HG01361.1#2	c32bed27e3b95a00738efdd46354bd79a92c66c745f40af92dad90f9da818996
y1_HG01361.1#3	dc76336a7f71dac18da9b8412964b7730a5ae1d138cbdb3a3e50903805d26037
y1_HG01361.1#4	736e526b5e1c3d07d60e022f4b9c307993dd8e3e163a325d4ee76078c631663e
y1_HG01361.1#5	7dcb7c5a74be0185d2b807591baeb657892ef59e55b099ca0b127180f3a68bd3
y1_HG01361.1#6	1902f037dbeec8dc416d0f400e9b1beb8b624a9869479ed97d96cbb3d098b0bb
y1_HG01361.1#7	83182285a986b48c7978a9b720377f2a9b351f1885f528f935fc72d851881d03
y1_HG01361.1#8	3056ac8f8b980d2414217d053e6c345b2cf9a74255ad3bda4123bd0400d945c1
y1_HG01361.1#9	3cffb9ea9cf3af5cda9a6b7c96a690d6b78641860941740a288638292b0fa3f1
y1_HG01361.1#10	4bea20bcf093fe9b56e5695b9677ce36914853e881b65bdebfab436e600d672a
y1_HG01361.1#11	8073c32459fcbc3c2f154c8502e3ec0dee1fa2f2e08e05fd004ec1df92b12196
y1_HG01361.1#12	31be50d97ecd835574da690eaacf4ccea2080ab3dd528669be0ae97c7adf0a05
y1_HG01361.1#13	8afac6c5d2d69165894ef7a1495c1a92e947f38da9be7390444bceb6bf47e507
y1_HG01361.1#14	2586d8c88bade62a7aaa2862b80d59620230359838a943530fb70d30f9cc4537
y1_HG01361.1#15	c5c4e47689b26c73724fce06927535ad2b9f7022c59cbddb3f8c7c8dc3d91a3d
y1_HG01361.1#16	3b71e8b11f4b284ee3855bc7dfae7087c04b21a3e4249416e938d8385f1e470e
y1_HG01361.1#17	9ebc4812361da8983453446f781a6845699c58df88b77df881d4bdc074e416b8
y1_HG01361.1#18	57d53dd27304ba42793e2a88b3dec0c837d56df20d9a2bad510a2bc6e406b5e8
y1_HG01361.1#19	4ca3a17f80d3afe284480e165926d6c1e52f87484a9680329d93a97204c191d4
y1_HG01361.2#0	df10d0769a15c5305f7c547b071a9c2c854c8f2da38a77733b666c7adfc01026
y1_HG01361.2#1	a3cb0147af3db535f550bd221b7af0fb1c137f03f29bd6f53387770bed3214e3
y1_HG01361.2#2	a7408cd013c35f0e4096ab028dd7a27204c8ded361668afc2852668217969c64
y1_HG01361.2#3	d42ccb31da1359e7eaf889e464a58fa706df3dee5ad67666e5b049e0c0492c59
y1_HG01361.2#4	c53f99d8c5e5f0c82671fb7f4faa22f073788e78aa27ec185bb4883b8ea97ca5
y1_HG01361.2#5	a7db77d7fff6d36de0ea747dcceee1b1a3360b1fae4cbf5b1fbd01a09f5895e9
y1_HG01361.2#6	dfa0a766bb1fc5118603b778d6e200788a44a8fd754561e325e55d914ea4df4b
y1_HG01361.2#7	62cda5032aff74580232fc20c4d1ba0594c99d53925565186f1ce7f5832529b8
y1_HG01361.2#8	f77c2910a71fabbf0cbd0964c8dd238a350e415cd29ef035ae3bb30965eb8e6d
y1_HG01361.2#9	de344906a5a848a49e3d6ea02f7cfb52171943b6dad95d8b0b14aa2b0f6db5b2
y1_HG01361.2#10	0c22a097bf3ecea299cdd451190637e35635f8e4908b65ab2e2cd33079739afa
y1_HG01361.2#11	61e6033845b6808169e92e8b60f82c4106c1c1acc43fe1877237d91c7f61e201
y1_HG01361.2#12	86a635782e164c238a9116c34b289daf9d2d3f06b5e5654e4c5578e18c62ad36
y1_HG01361.2#13	d06fdb5a7b94490373735215041b921a01f9192b3d8d389cfa13f33c0ded5eb6
y1_HG01361.2#14	dece082f23975aee0e9a2184388841722245d80ffc0f48228a30e4e2a662ec93
y1_HG01361.2#15	1f527e59abf7d88d86940f572adef4f422be1df0daf9784071c32b50a18a59f0
y1_HG01361.2#16	3cb943a74375f9b354295e2d1291743ab43404df4ffd0e3e7c72ef78bb346161
y1_HG01361.2#17	631c283bba292bf332e1cab77aa9d9f92cc03ce4b5046a3b6b5a4480c779e6a5
y1_HG01361.2#18	9086ac1023d0577031a3cfdb813583ac1a516c261ff275c1302078b1767dd07e
y1_HG01361.2#19	1641922cd0f65dcd2214013f92915d034102bcd06b3898b9532d68a5d675a328
y1_HG01891.1#0	07f09b910010aedc44383c49975fe3a03db721b4b9867ed727d679658171b7a1
y1_HG01891.1#1	9fbbe7563f48cead99a6ca38b5f401c0cc6c4b1924c774696590280b69c3b5bd
y1_HG01891.1#2	1ee6a6906acabb67e07e1c108437fcdc53e549ea6020ea19bfe5116d5e940ccc
y1_HG01891.1#3	4e8cbd4936416e80ccea8152977d0f1c28d5f646d0a4771612527d3ceedfdbb4
y1_HG01891.1#4	807fa5c33f777e610ac59b0a53408d8f68a1a494bfef0a927cca75bfd6d223a1
y1_HG01891.1#5	6e21ea30766f9a03c1bb5052367407da134b344ea192d17dfec0eb472eb2960b
y1_HG01891.1#6	c0ddf7fc35d22a6631792657a4a4bc8efee1197e5ba377c8c2867ec9ca604f03
y1_HG01891.1#7	29cb25e2e90b9f4fa9b7966b14921ebd0c350d177922d16d2a4a6e64c5622992
y1_HG01891.1#8	e15885b0eceeaa92bbce0d4c23de9b4e194476f86fbad19e623d4af2f8040e69
y1_HG01891.1#9	d131e47497f8ca0b3b8e40b2b6c4758a3b20efe1d95b5bf614998624cc2f3427
y1_HG01891.1#10	c27355d30debd70452ba66dcfa56c1e6dc95c57e87ec156c5bed4aeac64fb0bd
y1_HG01891.1#11	3955cfa9209db40930224f09aa0afde52ce5d6e133c98f682014dc05162262a5
y1_HG01891.1#12	8d0557826b9d9a4b50665eea3d40b91a6b640bad427ed10ed1cec0934fc145ae
y1_HG01891.1#13	cebefa2df9675ba4fc0abbfbcef946d67298c18dcdcadb1d1741de1cca824425
y1_HG01891.1#14	a25661692aa85f1c43a9a591a04b1a3e4d8564f23f4fdfa64258c3a8c5f01869
y1_HG01891.1#15	ddcb9614b657a4e7960ceec35d69e2454220d5ed71c74682dbf599ffa1ac37ce
y1_HG01891.1#16	daebbaa4fef2e5807fe56abbf13f7e7d14f6a1d0839f0e10a6912244028ee1b8
y1_HG01891.1#17	42050e0849837d0bb42cc1ea1e362042282bc0e59e03edbd3ed52b016d79265c
y1_HG01891.1#18	ef3189fbd846e879786897c8fdd2c7f4d31ecd1ea89e577c6553336dece8f8c0
y1_HG01891.1#19	f422ca9832097897c6047b4a0b716ffcdef96c2379c93f50f7dec9b2276bb135
y1_HG01891.2#0	b786c48ae2e07c58eb4466bd32d4d6b8abe16b00d2a577acadc799b5ec20548e
y1_HG01891.2#1	2254f80852c832fd7ea8a992c180f70727c4f47cd29b4fb02be94178ec538ab8
y1_HG01891.2#2	99d84aff409ec7574574a6adb4204b9f6b1f8fb97b716871257205285d80afa0
y1_HG01891.2#3	c172a57a0c6c2f19fa94e1656c98d7a79c8f2cc953784fdcd21617f7cb3e7b84
y1_HG01891.2#4	264a0eb897c518684d630f90ca43f19eac56985bf86ddf9b2e45a56a05c4f302
y1_HG01891.2#5	5a5c74483ae7f142251a4be7b517973f14a443e70f2791e906505bcb7484d27c
y1_HG01891.2#6	cf3a132c80555544b8bb648c763edf73429a98b899b9978837522d61d9f8c8b2
y1_HG01891.2#7	6c1de5dd96eb7c23dd19e5e6e2a598d22a9febbefab767442178cac18d4a3a63
y1_HG01891.2#8	04fedb2978c989505c2ae5edc84611c4ae89d9053c9e364aee524e6be790525d
y1_HG01891.2#9	41d0f7bcfbc4b260fc6612aa13db5a9b9f201ddff4cb9495d0ff2e658791dcb7
y1_HG01891.2#10	8a38c4e4189807243a3c6477a5f0f2ccbd5b3bf3230e5a569e25b67f8653f749
y1_HG01891.2#11	78066dc0312ef3971fb95730884da205eba9955433c8504bf127e557069576b8
y1_HG01891.2#12	0446fb2e6a98397fbacd13e9e9f6d5a017020fab365a5743ed0b76a27e08e7a0
y1_HG01891.2#13	0bf745f553bf73c88577f0515daa097fb859b31a44ac93678c4f7815afd4a08e
y1_HG01891.2#14	816d66707ad12f62b714cd7ce2c81190c6251b3ee3b0abe39cc4730208c2b9c3
y1_HG01891.2#15	52b17fe180932acc6c658eef2a791ede079d830959b8b113ec2968ebd7f40fc2
y1_HG01891.2#16	a5550a2768463150e50ef64c1a209431942b14f46078d18320cda9884651e311
y1_HG01891.2#17	75cffa47948d87856dedde9c4c6ecf7c8ef214f54ce03f24e49071866bd9001e
y1_HG01891.2#18	0bbc8d4f73172454c2553e2d55ea4cdde5f071fa0d26b944a3d7750960d03766
y1_HG01891.2#19	70e64a09fffba2f70cef060a03dc427cfa30f866f2c56a7196cb0f8f38a747a3
y1_HG01928.1#0	c6930dc5210dd124dcce210dd95807cbc9f17cf721f9a7db5d56f7961bc5ce43
y1_HG01928.1#1	6c6b8778caf33a4c750ef7bf2a5d9aa2121790543c98e4bea88c26a8cce37fe6
y1_HG01928.1#2	7f4528ed0224f6029eb47afb069556a443dfa5541f2235cfbb2ce3ae970e1562
y1_HG01928.1#3	79860597301733b917a7dcbe72a265ddf85c3958b4319fb80c95042c2d998f28
y1_HG01928.1#4	7df3a7232b3a5e0f4adb6580b61af11b8e18d60afdc4add0a2a7d29eebfccca3
y1_HG01928.1#5	aa1714dca9f222f7feda5ccf2eeec75173380266686d930e0962b28aa6eedf1f
y1_HG01928.1#6	9b753de84cccd79bfb6013d3bf2a98c13e031e21d72f7b4790e6d2b0cf0c4fcd
y1_HG01928.1#7	809657aaab1d3d57784faf51df6e910bc6d58a34099ff8c30b3b19f6418b1f11
y1_HG01928.1#8	e38b8e5cdcdb0c3ded6a256df84cce3fd00f7d75de3f822b5a4e4d41e7edf463
y1_HG01928.1#9	94e021399400d6ce6ddc6444411c5713f4a32a84fd0922f32b4e41453093815a
y1_HG01928.1#10	a4681861c076f96e249a2f75d7b2a73220f49b49917ab6b2db3f78f2c7af4967
y1_HG01928.1#11	862233cffac5ebd288a8273d1103d2b1a4ac625f91d818c338d6180a40076338
y1_HG01928.1#12	0454dbfdd7c1eb5b6537b604c85aca666932081fc5f141bdee4ed4d70c7afa9c
y1_HG01928.1#13	9093945fb712f90a1b5d843b41f5c8231befd0e320f95ae2e4f088077cd9fe15
y1_HG01928.1#14	815da6e491ac38fe3de353ebae9002134a97ba18b19a52635cb1f8d342dbc9b7
y1_HG01928.1#15	5c708cba9f72cdeca74d13f1a2370c7f520524770cc7626e33de18b318912cc9
y1_HG01928.1#16	6c45e0ba26acd9cec34289998b208784312503114545b1246fbb762494ff2ae9
y1_HG01928.1#17	a8d5844115ed89a7ef60c2fab87784ef26428741776421b2943fdff257fcad86
y1_HG01928.1#18	a5df498eac1b206d4fa2d9c20b64d0624164980db587121dfb82bf33168f3378
y1_HG01928.1#19	fefb73359e3affd0abb24b7ab981ac715a1202c564c64fdad78555aeaf46ed78
y1_HG01928.2#0	517f3151fee0b96903488b7f88c7777510b4bab71f779a52a4000f52117cdeab
y1_HG01928.2#1	5d22e07ebb1b0f28d12ee8a8f4698e9d990a5d9bbdd3521d77a96317d02d6ab6
y1_HG01928.2#2	714fc0c17c2b90ba51678a39fdc5c05da195066ee535c5c7219f1ebc7cfbadc8
y1_HG01928.2#3	ec24436e9905bacdb693e9523f1adb14ed097ceefff4e18f15801fb0abd1f87c
y1_HG01928.2#4	d9f3cf85b48fc39c78c47b9a464a226ecbd54ac2721b68e767f8dc7c3c090d9c
y1_HG01928.2#5	8f65a567f9250a558e5fb8db6d6093acddc54121c69c0e130b7d66a974f3c9ec
y1_HG01928.2#6	289ffe08b31429368a63efc7311ba7594c532e9c53befac95963ec756d0d17ec
y1_HG01928.2#7	36120cef9ee44270ed12673e247abec7e1cf460aa681d08b1d492e708357716c
y1_HG01928.2#8	95d5892580ba5efd820cbe0a67f8254cd60eca70f6568b30b5d4acd553574e75
y1_HG01928.2#9	9d0743c1bde199c0339a0aa797e5e4839dc85cce123e6a575d0ed2367f88f57a
y1_HG01928.2#10	0db8fa4f3171a1200d85a109804bbe494f01a0ce61b41a3e83749eeb52eb1f9d
y1_HG01928.2#11	6f9d00e309eddf05b62c275d15c18936f9b6353454083da15dd2f635a890108a
y1_HG01928.2#12	012f4e080520a6ad16e17e550cbb2efe1821d6aae416fb30882d6ce605468f8b
y1_HG01928.2#13	ceecc8ed5728edf1fd490c8dd40ca5a2d43d35013104498b74a67481440d3aa0
y1_HG01928.2#14	61f02c4a759280d9c8b2df9eb8eb557b86b06dc02108b1b4f2c86fdf3a7e8d09
y1_HG01928.2#15	165d6670564eedf772eec06e9714357f41fb723d024034c8a6e5328be5cdb0a1
y1_HG01928.2#16	8b9b1a04632ee5ef82c8c161dbfd10c6d12ffff408a039d9af21f2473df3a16f
y1_HG01928.2#17	f500da02a56b734dfd80f2fb8a189b09b1acc4be62eaba884903d849e6398358
y1_HG01928.2#18	19798d13fbce00ff2ec6dc4764e6ce880a16dbfbb53230c6a7c9aa4e425b9867
y1_HG01928.2#19	09355132873932dbcfbb98be62332cace4c228590f14dcf316f61b44478505d4
y1_HG01952.1#0	70a1e0868ea5d7f3127bfea5a94ecbc9318a0a9de49d0bace3c98fb6e0bc7472
y1_HG01952.1#1	0578cdd9b1c4ec86421ef94fc1c9fe2eafe80bf9401c893a97b6878331b7742a
y1_HG01952.1#2	5e43f217341e31425b1fc0facc3efb4d595e428f8b239b068842ddf45d776722
y1_HG01952.1#3	0371824dc86796656d4f711083ad90e271d910010ed7e29ce43852a2ba58a06e
y1_HG01952.1#4	f84b27c40a3bff784fed78a6e470d4f82ab45bb3f21b998abbd0d8db34abe983
y1_HG01952.1#5	f01b4c157394860b0ed0725148ea2e9fa8ecdfd907ef1758746bde86bac2d1f2
y1_HG01952.1#6	d7e2f585eef8987e317c9384c4b9ed8e8efc675b28e6a6327fcdb37932859d23
y1_HG01952.1#7	c13673eff72ac2cff9e47b3f171432b26ce256a7506dcb97d8f92752b3779e49
y1_HG01952.1#8	5bfbb947b97f012dc2283a60402d28e240306660bbda84c2c182f9a296e4c6e7
y1_HG01952.1#9	ac53b42074ba2f489a655e9bc813571f07baf28ddd3b029d076c389ffe968d13
y1_HG01952.1#10	d041cafd5e2c240b704b1daac275f1c02a5908aace0bc3d44c810498e506cbc1
y1_HG01952.1#11	f5d208c6c28881accab0dd2388d5b4172b5caacc6a95247d7b043fa7108d77ba
y1_HG01952.1#12	8189a83100d78feb891f12d957a7a67f053a8daa04cf47b89b2f53269cad0025
y1_HG01952.1#13	d39f8246ee536d3bd6eff23e2d045e1178e1baaf27009555cbfdc11f10151ebc
y1_HG01952.1#14	fe306a725a1f1cde53d9663e190e59b9037434ee27b2c2fed296d24894ae13ad
y1_HG01952.1#15	c1e2fa4bb043a792815090adc9188418d24a7a8385f098dd8eab47171c25d86d
y1_HG01952.1#16	843cd19fb07dc930a1950e486e6341f5562c9dfa600918cd8b71d287fa91910f
y1_HG01952.1#17	7334870c82c109097098e0411db79dc2d915fe6004df9b0f7d6544f0098f40ac
y1_HG01952.1#18	1efb681612b305bf2eddd3cd5477126551ab9b9287d5c863a54938152e842aa8
y1_HG01952.1#19	ae7d8b6e0bdb760f33e330aa49a781d717ef07eb6fea3a2567f20974136af79f
y1_HG01952.2#0	0265483c162c7a7ff192da7fb2dfc774e297700a1c20c3398f32cb7023eacfa2
y1_HG01952.2#1	ba06341553f7dd761cfab5add7bcf9b8b3ef6e5c34b4ec09e76ce71ac3b7963e
y1_HG01952.2#2	1961b56f97ae9d2ec95bbf593f7b5523706788ada6e472998f85e288f4c0f8a5
y1_HG01952.2#3	d7b1a13a830ff0b100d3ba166aaab8534ce29165ad7c87ce1063e0c05fc7f228
y1_HG01952.2#4	5a1cd0c64ae95dfda2acf2904a9adf0ad623328a7bb82a5a0377d0860631caba
y1_HG01952.2#5	9458659c89df05e68696a324044a9245565a61c5acc0cc5a49b77d5ad9cf86c1
y1_HG01952.2#6	cb04c3e3705aa9b5dd8ae7b27f093d639e1bffb98c8666d1e91d080fcfbc707e
y1_HG01952.2#7	bb3a0092a352ba69221e409a498d14fba4bc16b60f66a25f1bb272f37e53b1b4
y1_HG01952.2#8	c2b4a5ce35a56624f011c5631d892ffaeb0d5dc2ca5139f6d3296aa17dd0dc44
y1_HG01952.2#9	b5fa55962a3e50b48b079d912e5fbd516d942ae0549691bf7ca05ad770e13684
y1_HG01952.2#10	0f4c3628e043b0261fb1429ffd055dc50b727638a70c428b824804d38af55b9c
y1_HG01952.2#11	2e07cf234cbbde6db61dfe31099eee7ba18f7cddfbc16f9b46e0569062f93d2d
y1_HG01952.2#12	ee73a8e1a85daa0eb3c6d9121f09011928b382d134f57df8d38673e94a046a17
y1_HG01952.2#13	d477015b6020997e786de3cb66ee42e0e135d43ba65a2298dc6afc170478d501
y1_HG01952.2#14	baa3acad4ce79aed75a311094b7ab5addd4ac26e6e8ca235f8d71e30d870184d
y1_HG01952.2#15	218228ca2e986afe2bb2ea96e2189bd5ae183684c1f1eb3b50b8ddc4811f0dab
y1_HG01952.2#16	16b23a8ce7a26c4c1a372b2ac461e9c920291e808d1091c6546a5c76ec5b6261
y1_HG01952.2#17	d2ae377c69d4e7e122a9dfd0abcfc99108f1a6bdddf28797d67add333850424f
y1_HG01952.2#18	767ec3ce0b3b2fb866c3b6addbca7558bbaef6f2d6af55c82482145a7f5150a3
y1_HG01952.2#19	8e51a53b84b7a38e2912694cb04a05819ef36f743753dab30e932ed2aa185ba6
y1_HG01978.1#0	aca7d883d0cbc42919f2329ecc2e535e92d42d3ab28dfb992f931893b9db2fd3
y1_HG01978.1#1	5e3bbc4d35972511a04dece26b14c816a66b7a3c1efe5fceb57e989f38552d02
y1_HG01978.1#2	b292ddfdedf3a7d282e3c2b4b0c62f8f637ebf713b8165afd1812db6ed55b5c4
y1_HG01978.1#3	945b2c4c3d2974cd4245c1b9d58be17c1101822602c50fc87f750074420473e6
y1_HG01978.1#4	88b09c6a1f40904f65f861f0aaec40d31b3383ca423708341bdf7b26388279a1
y1_HG01978.1#5	d322f687e8d008df2a3f2cee670e7be5be10a44672adc37fa62bd172f098b5de
y1_HG01978.1#6	995798b606607fc7b480ff6459976c8643cd18d323c8fad1b2fa4eda21233abf
y1_HG01978.1#7	d3c59b72f9c616eb3a04cee9dcfab2c432319375221f5d7618124203b1b830f3
y1_HG01978.1#8	789408f717ea093b12293e78189cff56604edd362beae4cdd6914e420ada4cb0
y1_HG01978.1#9	b4de056bc052d64c336b867fa2559edbca90e965a96a2afad16010f70dc559ae
y1_HG01978.1#10	c5932f82570e6d62fcb495b723a9b3a475a1b57193acbbc00d272ff45de04fb0
y1_HG01978.1#11	41d21995e0d9f82e5d869bd1e752bbb77b6285f7ed7cdee13d1faaacbb1f7c70
y1_HG01978.1#12	ec56d1ea00cd8d36dfdb87cbbd5966f536f307ae77ef77be283bb9b84ee00be8
y1_HG01978.1#13	0153829ee220e973ecdfa73ceced57ac810920d66f3ee75ca52ca5ea431bb543
y1_HG01978.1#14	93f78e7caad877dafa4dc8c76972f6660b0a40425600c7e6ecc767bf62e5f399
y1_HG01978.1#15	b8e26ea324b48d77822588ae2a1b942a67eb005dadddeb996dceb7e13bada950
y1_HG01978.1#16	96fcbdea42a9db0bfbfcab2493c8790981d818be8883b0d00280300de5424ae4
y1_HG01978.1#17	1a65eb41236a753214ab47b7c1486b517c6d1205e43c183072631da854fd79d8
y1_HG01978.1#18	38f28540a706a0276bc75de93fbbd385dd1734bb75432ac97b01a562854b338e
y1_HG01978.1#19	76357e74a0fefc8702aec8ca156b58787c3db6a76cfb4b9bb0235795edb216e9
y1_HG01978.2#0	ed38dedc33fa3826fe15990eb7e345ebc50fc6cfd8bcffdec50fe6a9993e2d39
y1_HG01978.2#1	0d8a8124b84094fbd66953137d48ea2ae6490ce889ef32d7053e82012751b3ee
y1_HG01978.2#2	0859e1d5c7eebc0f1ed2a5553432afc3e133d365579ecf7561478d47f72b8e2f
y1_HG01978.2#3	b26489412fbdba3a35baccaf4a7f7b5030dd9ba7dd45cd58dbe84d7ac0aa5b27
y1_HG01978.2#4	ed9139f48a8ec3fdf609637f08dc22ac218b25b19c0eb313e591b80aeaa0ed99
y1_HG01978.2#5	a26f2eab0d7ca54020ba86b6f55d202a950dad025797606f67bde0d8a66691ec
y1_HG01978.2#6	87d088ae361c4d26ab809796ffd6b8a8b6263457bc364cf923d61a1041fb0b52
y1_HG01978.2#7	02948a9017d28a4c7c249d65fbbefe2aed566be5036537b5de46c690cb184d9f
y1_HG01978.2#8	ef902ff15e919cb06dafc81dbdef59933bb857a8cf9a3a7d3ead1bf6186d9d25
y1_HG01978.2#9	3fb3f599ff48bbdd7369182e924f3effeae8a1af259f7be048bdab8f51549d2f
y1_HG01978.2#10	b463a4e8d1e45ebd72480e4e5c480bada403af9ed2b632d098a8d2f62b39e7de
y1_HG01978.2#11	99e341b115f914ba37e886409579f5e99c374738ebff49deca9fdb4d595e1072
y1_HG01978.2#12	4b81d2c5e7c4cfd828bde76e5a0b412a8e40ac6368d2cd9a38643a4514a9bc14
y1_HG01978.2#13	74d2b8e7dd1895a3176f75fa25c23a801e2d86e6448bd43876072707aca53d0e
y1_HG01978.2#14	0dfcb38da7d15a24b7f40c64ebcfd2a0199197cd303101c183e8f62a0504cd4c
y1_HG01978.2#15	2513ee8eaf367ad5441f4ad1d1dae84617c9063611b4e5ae8dc067c51ea8cfe8
y1_HG01978.2#16	9f4063fe376ee22d7681cb747f003e6cd572eff4a1c85fb7aeadf0b43c24618d
y1_HG01978.2#17	84b0a299c6a0f058a4249bcb3755eeafd12a4a117c1eaf6858f98874034a08b2
y1_HG01978.2#18	2881c7803d91f13780766b693823c6c70029c468581ee9dcaea5f9496cf2f340
y1_HG01978.2#19	b14ba12cac8e8d4a4b26862379deec176da1b81f1cbab9a8a59e7dcc3177d4ba
y1_HG02148.1#0	33ca4d8d4270b0acc6dc01033add07a9eff40aba1795f51634f781fba9a1fc91
y1_HG02148.1#1	99ff769cc9794bc2d93ad97fdafc17ccb0c25a47e53555f113586f52d3634486
y1_HG02148.1#2	2e74cca8313abdda132d757fc29621576b733f292d4a603a3d94a6e758ea35b1
y1_HG02148.1#3	03971f4bf0261629b56cdbdf6d9c3bbd49beac3753597aac3fe69f279852fa22
y1_HG02148.1#4	28b161d1a5bbe1f06f547b730515ddea631f63bca828bac20a8b56854cdc850b
y1_HG02148.1#5	47334fec1bf6f64327d9e0508bfc184905a95ad107fc4e1cbdc224fa36a28aae
y1_HG02148.1#6	be9c53abfa366d10714fabee9d6f41f0967278b5845b5d4f436fa563dbb81e50
y1_HG02148.1#7	cf3333bb2ecc20551cc17296b39ca71122cc8688a818f0be423895dab8d962e5
y1_HG02148.1#8	39cb3163e6bcd38f18259be0dc0f7ea34628104664659a4839688d9b4d9d5da5
y1_HG02148.1#9	3d658e9946e92fb77d1f23041f86471f461ad00f47e8d6872d79530aaf3404f7
y1_HG02148.1#10	dd57b26501d77910ab747e511edd9c620a739d9e1032681555ebc53ad5c11e8f
y1_HG02148.1#11	b8b15f2c80cac38a4df1ebc6a3706f2bb8ddbaa66974d066c9dcfe1ebb360730
y1_HG02148.1#12	badc2da4b902de3f60d9934c160f92c6832be7692f09bceeffe520c02b3dee59
y1_HG02148.1#13	d8d15608b13e86aafa0ceffd576304b4604ccc6661f59833ade61b242260343c
y1_HG02148.1#14	6fce64b9770d97e8ae839aa1a49e7ea381f75faedb705797d3e2a5d057ccb4f0
y1_HG02148.1#15	0737f4c2958414737656a55e82f2814e7e6d08564378f3f664ca343ff64dfab2
y1_HG02148.1#16	383259aa03394edad715aec9e11a43aa4fe2bb03c035e6de8779f1d32423bc62
y1_HG02148.1#17	8859c06d74e998e902b8f9b27ebbcd4d7856760f6e252048665706b9e575e225
y1_HG02148.1#18	898916a5b32c2eff265c4ee08aafa454a87fc616e1a0d1fd3d68d517e2404801
y1_HG02148.1#19	083081a07d528d737f95ea0856633cce1505318543aac5d3384c3618319197ef
y1_HG02148.2#0	74a25ff263fd650e52978bd162381261d7fa24ffafe43c10d3599dfddde15457
y1_HG02148.2#1	3cd199ece4147d090d9117037d3642b3fe1030b4613b1096c3b8387681c8f586
y1_HG02148.2#2	bcc200c1a2f25d0259a419aae9537a3d014425274f1dc7b0cdb73a6baead8c39
y1_HG02148.2#3	27e2c2155d9ae6b429c300fdafc68ec12635f57c389ce0d97b330ac78164e7b6
y1_HG02148.2#4	5abe6c7ef4992366a103146f106789c7b50612d4fc9c81d5a572984cc8a67983
y1_HG02148.2#5	3c77faea52b8a1d55e7097549bfff4d6b0381940333facab1a6eedc2136b6f93
y1_HG02148.2#6	96ece65d88d1eed68e327c516748cfd1bf2300c30b5c081f2822e0cf204eb61f
y1_HG02148.2#7	49a06ee9e6bb71f61a595ef9937efa9ff63ca0d6c4cc367d9ca126d7cf422d20
y1_HG02148.2#8	a1a5940c7d2ee112d96b7e28014f284804fef0ce6ccfb6d686d2d74e0cbcde07
y1_HG02148.2#9	a1c5a945cc3967037df0b5981c5d20b92af914d054fb3195ce3b0942cf68a145
y1_HG02148.2#10	b88ed15eb04003ab131536242865a88f93ae7c019491c13a12497eacc099ab34
y1_HG02148.2#11	1cd07ca3aea2988acb4238ec7e9dc691b09aa68c31e6310aa3abab61a5fa0d1a
y1_HG02148.2#12	d281bb1a6c5c78f32eb191f9497b1ed32707dabdd5396393ebb5649d72081e9b
y1_HG02148.2#13	b5c7bf6506b70ad3d00009b04ddbd416fa35fed13b59103791e998c8eb6897e8
y1_HG02148.2#14	7263ed3c9e1765dde778e9ba633b16b0163bb89b7470dd9f78bd1bae19ed0359
y1_HG02148.2#15	f5c9f97b03db8752da24e0af2237d2553466e4993f2543be4013b093086d8dc5
y1_HG02148.2#16	d67843b1f33952065fd011af87abe86de4d39bb67bae43fba12700040fbd649e
y1_HG02148.2#17	3bb1d658b3f839becad661ed690562a462118daf1c5d4850e54d58d1c5853880
y1_HG02148.2#18	b3298da9a0bde3081c948c7872b776afc0dd3db0adba27de975302e9487bb280
y1_HG02148.2#19	345c0be0f7e7028bfb2a8403c5b4f658b5c464b3384a11e90ac62f97a9c38143
y1_HG02257.1#0	8a57793a2736009ebc5d80b0f68c972d0a61384ec3d47676b606f0c8a7a90efe
y1_HG02257.1#1	f1e073bb8397e0438d10184435944dc8f592eddfdd82d3a7c9fd8769e902c078
y1_HG02257.1#2	5439740f3c36c5e574564f7da45e8ff00766fe04a6a02e63d5d51330c1d44dab
y1_HG02257.1#3	5852c4656ed1449f2b878497930827e3c8074946756d2eb0f33fca965ecd9b7d
y1_HG02257.1#4	0c446e2e5873c427626b6feab2615324c86bd247a61b467d97217de98e6c9d2f
y1_HG02257.1#5	3372ada320d80dbe0951e2346db74202f069caebcc09f2dd75b686defcba45e7
y1_HG02257.1#6	a1c74f60b71d7479aee8eafba883cd426b3cf6f87967e9801f80babea8fde21f
y1_HG02257.1#7	15780201d335b31344cd573744308fe24847e2bc50fca1e9d225ad9038cf17a9
y1_HG02257.1#8	0e1e1c7354465405e64f8217c02ff58da5f31a13ee6bfdc1662afc9f711b145f
y1_HG02257.1#9	ec82001c375de7716f2457f8c308a9db7ccbfd2c892ac260932a02023c76c849
y1_HG02257.1#10	f274fae451c9e671638f39efda88601ecda5b59570bca131dc20f57722b97d66
y1_HG02257.1#11	3d2cf67a69664a7dcadaa9f298dbd5e9e2e0cab568400d603031028947e02a32
y1_HG02257.1#12	598a989f6d34cb114dc945a4403308532c78988d761012ac006145d94b63eae8
y1_HG02257.1#13	31ca344fd31cdf92fafd57435e48b516ec640777c7a4a1fc7b198f6190a7a725
y1_HG02257.1#14	857acd15ef41ca9d12da8e0e30b48b0327bc0a5b92a7ba0d08c6f2071c6219c6
y1_HG02257.1#15	0d311f2da9e32df8fd2d453dd66030e78292f91bf19d9d1896c3236113301849
y1_HG02257.1#16	caacc6d66a23ab9e125a4ff7c536c6906355d82636b8edd701494c5cfe6059b2
y1_HG02257.1#17	0ed61cd6fbb3719cdcd6999e492a25cc9bf0e3685da09c9fa4e78adf434b462a
y1_HG02257.1#18	00433231d8f741edce3167beeca2820eb5ab32dd101c14649f963ccd75ac28ad
y1_HG02257.1#19	c65fae4e1ea194103a79425624a2b347fcd47b5efca9b2f46eba7498d7525787
y1_HG02257.2#0	5c159fcfa6966cd9155dad65e8549a98ccdfb953cd2571249e3c25f450ab5e33
y1_HG02257.2#1	bae735bf13dc4eae7579607d3c6405935329e95b1613b5b7fbf648fdf6bfec2c
y1_HG02257.2#2	67b4414f345304b6a5e6d7d6fe3476fb37545294f0c6ddf611ccb5c0cebe0e0c
y1_HG02257.2#3	909c4a45e7531c7523a530fded105e64b9be25777b00df120a267d2b820b6365
y1_HG02257.2#4	6f85a2ee105092918801c3bcdc20d5b0da0b9624e01afab5b09db259108eec4c
y1_HG02257.2#5	4b9f682c5b74f7576381c078248e62e9755ac3d36d79b8b980d79ffcf3be01b9
y1_HG02257.2#6	019a00a9f5a5f70a6ce160b8ba2b7ca79a15d9689cde530758f252d2164e6af2
y1_HG02257.2#7	f1d3eceba34a9817223edde00d1799ba9eb0a3792c3a011550ae47cb4f55e89f
y1_HG02257.2#8	c929d2af8c8cbe78ccfd60734cd7ae55548e90e04e745162bd84aa11d7c175bc
y1_HG02257.2#9	f73379a1ad30007f72d9bed16945de7d7d17a1def475355b803524d862182869
y1_HG02257.2#10	5954749da4be4893a9484a377cbf8cc57f4a79e3fbedb0dc1ff50553acd0e769
y1_HG02257.2#11	3d906eb537ca902ae6ab73b2f42014495c8be763e55e30b9b4e03a900c5720a9
y1_HG02257.2#12	282558a4f04c726154c7b801a6f251a7a55c480a0f5fa49f857c8a0394635879
y1_HG02257.2#13	8dfe292d7dfa6e0dd71bc018f5121f8f833cc1657109930f9e2f85c3226cf20e
y1_HG02257.2#14	c0c55129d6f0d394f10ea269cb70383aad083d3133589372e0c1b96d55682012
y1_HG02257.2#15	085255d57f931ba77c27bcdc689e2d942c1c5d9e3e43a4077aaed2c29f97b1ec
y1_HG02257.2#16	a68370e2f9c9620c0b95f09db3758c5c72f12830a2f7cc8ad4a4c632259aa416
y1_HG02257.2#17	61eb8153e3ce072a8d5ed97e928a4a2413ba43d559b00c5543f0ccdf60762d19
y1_HG02257.2#18	003583a8b396367c79299caae4c73da5c341a89db45928f6d2ceb5ea9a3900f1
y1_HG02257.2#19	29c8d815b0af99a9354e05813948e19c826326454ccf1b42a0de94dc4319b555
y1_HG02486.1#0	19f7a5affdfd5b1878cc3f31782d2163a7095bec3e0a7ee4a7f22f2412010414
y1_HG02486.1#1	ae0eb5da44c18cdd73149b3b945467ad1660bb2ce3f7d7a1c925bec7bead9868
y1_HG02486.1#2	2783e9fe0519424049fe699b21c3f692c198c78211bb2acb5b4467d6e6ea3a48
y1_HG02486.1#3	144b3efb76e9ed70f06d4c73c5f958f5d70c443fecae02d0a225010f061a4e29
y1_HG02486.1#4	d074f36ecab1aa15bb1c98b5a618388c81eeef762a553d0f869e96e49406775b
y1_HG02486.1#5	318c1ea686edb5ea947df688cf71d59f5f80c087dc2b303625d4a320c38f3500
y1_HG02486.1#6	4bf807a00b0cd7ac1f747fd3438c24d9e6770ab821b463999b8ca2124eb4374e
y1_HG02486.1#7	fb96cb7b3a5e156642874c12c9ab2e5fdf8f2361444b9f275f22e722432c7eb5
y1_HG02486.1#8	90f114c8dbb8e472705cb00f61a9c390c8f59a2f0241d213d86e38763120ec39
y1_HG02486.1#9	5943955c47fb82e2cb92e15e487b2bf73e08c3203fdb0370968b04def8d0b9d9
y1_HG02486.1#10	04789d8c89016a47b569161a79df51ac08c0c66cff79e82250eb93409c5369dc
y1_HG02486.1#11	d3b0b78de42109847ea92be64c1411e261a2276821223957093261f36468453a
y1_HG02486.1#12	4985821df905fb635e6be4e5a58ab003de665dd95049ad6e2f5a230b632364aa
y1_HG02486.1#13	4ee7b218a344807ce207c756b0622b8d3a9eedff5faf487e2c5ca01656517235
y1_HG02486.1#14	bcf4aa278922f445effeee09de77f69abc4c8a1ea2a84c751de9b3448840c3d2
y1_HG02486.1#15	1e40d51ff648f335d7d60164e90e9d0514b9559d9dbfe223443dedbf500a3bc7
y1_HG02486.1#16	dc412c3111341e8b26cbc3cae7109f95632b818ac566a5c285a58d9ca094eb40
y1_HG02486.1#17	249f0a5708417479543d2dc6c1461108fed7d6f15dc712d8fb69699a02f8fab8
y1_HG02486.1#18	542998839c4107c8d25f1b6c3b157b91586f0ec4ba8c15ed5397b610998a8cb4
y1_HG02486.1#19	2ee4c75adadcd0611bbb8a87b5f564bb14f73c580c8673953750805b88dbc712
y1_HG02486.2#0	615fccd9b870e3f1ea173e3399de37d35e4fe8873c49b9fcb83ba9532d7fdce9
y1_HG02486.2#1	a2b971f83cb63b5cef0c08b696e49f349ab76eb1679c51143bb20c1a78ce1e18
y1_HG02486.2#2	6f7e52a3d09f7296d992ac6318bfbf306e5edf512b114ec2d01a4d232a5d7730
y1_HG02486.2#3	a77d8b2e4635e0ee80d39a7111ba60f7f46b95d53cf75ab06d485119ac7b88c1
y1_HG02486.2#4	d8ab28f673a197922d47276a6242db58bb6750d0ce0094f1c3fe7a52efcc4994
y1_HG02486.2#5	81976a0e810f22cf6ddbf910aa382235de7a6d8f3e1382ee6cd77e7d5bbe8406
y1_HG02486.2#6	b1cce7598af805e21796ca4af75ff594185cb29be9dc4e5fb63e48ee1fd3507a
y1_HG02486.2#7	b9bf0289bbfe836906cb53044a5953a5c5df4e0c19e1ac5147842e5d6ac54578
y1_HG02486.2#8	3d13df20896f3f8733349986f3bfac0793ec8e4233bb20d9489c19677e97c1e1
y1_HG02486.2#9	69eceaf765d0bcf28d188b2314b2b8aa822658d2491875ea26a595f987cc6b0f
y1_HG02486.2#10	e58ea7556f467c4866a7945fda5763974832ce939e86f7e38808f0b989a6e211
y1_HG02486.2#11	e95f8e4e9c0965be031f52c67350a2098b896b8109053d75ac895fade793c06b
y1_HG02486.2#12	80302f8d30d339d6914e0747b6631f01af43e23256d4b0e1635a2f211d34f3c2
y1_HG02486.2#13	3580bd9fd6c7ee3de84a71fb7c52d6f27a5915c480542357e57a81ebb925e4e7
y1_HG02486.2#14	8b423ae61b8d213f5f60433f15b8992d6a12949360b9453fcd4ce622cae8f1da
y1_HG02486.2#15	08881f4d31de01557dfff868552d50e425f564c77728a6312e5976feb73ed52d
y1_HG02486.2#16	f998dcaf35aa351b3fdc3a34a0a9a20eb6ac077d0c02c87eb4e81ff34595f9d9
y1_HG02486.2#17	fdedf5d76649382e236ae0b25852c11823410b0354db1d056858f11024845368
y1_HG02486.2#18	2deeea8c34ed7e247b317b10e816f1e23beb282a8297c5a98e910cb7d1aa4bb4
y1_HG02486.2#19	faa484650ce3604d0010f1703b5734051519e487f22480a4aa81bde2c038414c
y1_HG02559.1#0	512bfccfce49ed0fcf4eb4b3e8ddae6d29051d2c63e222860a2b4f7d4e9b0d69
y1_HG02559.1#1	143cf77a03033821ffe67874254efb511d2f9ba75d9ce6551d0f5c3f02258dfe
y1_HG02559.1#2	44a36a471574d67850917aeedb08d0796d749ba45f111cd7b1cd763ae5ab1ffc
y1_HG02559.1#3	a320751e16c5b4358f1db73692f3f6f043eb6af3204a43f63b6ddaa7eab38833
y1_HG02559.1#4	99c6ef479fe6ef41bdfbc7b8c9d01adac8cd34e69206632955f6f5e3c4b891df
y1_HG02559.1#5	485469b35e89394e0003ca88abee36789ce2c5b4c7ee0f15da1738c71b3e5aee
y1_HG02559.1#6	72064564ec7950ade348e1fd8bde8dd73a0a89a0b3fe143bce96effe7422f345
y1_HG02559.1#7	6d8ebb1f256fde330fcfa680b02d47c0d4fe25b0e76e2453ad7f369084a70a01
y1_HG02559.1#8	f659d8774d80165bc2b334731ca780bf29c958594bcb1552b490d84b1c075e6b
y1_HG02559.1#9	0522765a40fe67c988fe1ec298e8eded593e02e50da76c47e858acee64279521
y1_HG02559.1#10	7cfad260e63ec941da88bfec8c5c124de32da9f6a8e76cce695905121753df68
y1_HG02559.1#11	15347d3b11e84bdec49b7639e778fe3206c577b3b29ef99bc66dc46cf8e004f3
y1_HG02559.1#12	e8b49cac0728488e0f67e1a2db9d79a32e8e877f77667efb152f0318a40d258e
y1_HG02559.1#13	d700b509739a33ecbec3805524babfaa6c5bfdf288b06a63b96486a8bd506fcb
y1_HG02559.1#14	5ff5cf42cdee6b3c6a8386fae3d65a29c5f1caba0baa011486d2ae8619a8ed54
y1_HG02559.1#15	8e0ba327b5d82b2648a831c58e33efbd05941a0ef25f4df0af2cbeefb9129f91
y1_HG02559.1#16	380f2b2a1922a55a912f241e23231e3ae90ef12a9b3b8c10813ce4b70981bcbb
y1_HG02559.1#17	f1ab82393a2a6c6018b9b2c0eed60b11ab67cfd886f290fdea5ccb74e6709546
y1_HG02559.1#18	74ea156706c34269352f0e53c1ae193411c9aebb11eb0c5566c04a97a24c1b8e
y1_HG02559.1#19	2dabe3df8009cd8fedc2bb48f4e15746cb9609567d53b06ea5bf513b8fd59e86
y1_HG02559.2#0	f49c17c0eea52a16859fe08f014d84085b7069a9ada3e7eae616d92d0354e4c3
y1_HG02559.2#1	ebd298942e3b2dd1014c9d31a0a948ba2bc2d95cfa7f52ab5bb8524cdebf65eb
y1_HG02559.2#2	b7eef202f3e2985201acadf74a879416f171bb424a5d14397ed5d349282e00a8
y1_HG02559.2#3	b1956e1f5a8f2ad88fb933fb1247408440ca6449daf532ea009549ec1fe83341
y1_HG02559.2#4	500cd0210b33e8799935fcc283afd637dd9a993ac7982597dc5c333a36b79b03
y1_HG02559.2#5	ec24cfe4aabddc1e65b8d64506158c563b0ad248432fee4e32d6ab03a4481da5
y1_HG02559.2#6	054245d3a6b1d8da961356f44641142b5398b9599435b125d43f1d3bb112babd
y1_HG02559.2#7	373b4b9ea67c4bef5df5230d9f5c9db32736887b4cfe8fb53df0c7366890ae88
y1_HG02559.2#8	d4a666c754ee071c3938b3d6341c55ceb9eb0cb027d2c73385d5f357e968e84d
y1_HG02559.2#9	3330f50d6cf1abe00734f28ac0c43114ed27b0d228ceba8e2f226ba4669b1f7a
y1_HG02559.2#10	9342390f6bc96d1394d851d1cae26cff926e19ed463250d0bac5ae6346251d3b
y1_HG02559.2#11	7a00a6c38fb0a13921227fbd4c3eceafa21fa8ecc8a24b92b9e435000c9fa3a5
y1_HG02559.2#12	1ce57b14f8735e335f9e6d32737cef8c4bc5d8bcebb85be50b549756bf0a34e4
y1_HG02559.2#13	d8d5ac3093a82c91b66b18acca749eeb770e3ce08a55dab31d410c97f86f7c95
y1_HG02559.2#14	509cca2e88a749ea150f27f311220e863a11de8254e9d1831dfc006fb11006d9
y1_HG02559.2#15	c5f757cca8babb7c97bbd55863fddb98c3acc78d89b8ea8a8262352592848b0b
y1_HG02559.2#16	e2a7f9a2558d2639647c6ea1fc15ebae6f41fcedc16d3a533047d6eb9f4758d1
y1_HG02559.2#17	9dfb8fdaf60d2353e680e7f6ae8cbc61c39b138f02a5bcd4a1ff04efb2b17a3e
y1_HG02559.2#18	481334dbf81daebac6073eba23892b55d83d514ff4ecd76e2aace47dae7da86b
y1_HG02559.2#19	30f4701dadc1d2c561f35f2f530be5fce7571e4ccba5d9fff85188e8b1c9a1c9
y1_HG02572.1#0	a2bb50a21e1ef026de62d7c6161d60108630d516ab8645601aa1a1b9da0f13f1
y1_HG02572.1#1	55ae4303d0d6a7f8678003a7200ea1d4ab0cdb490072c865c44e0f3e1b16f45a
y1_HG02572.1#2	7125be24527ffc118d548d2ec7d2fe37bd78c11f0ad28d07b2c42afbafd5ea62
y1_HG02572.1#3	613a48e44262919ac71b1c592dec7ed5f78c85603013c85a69a6af9965e079f1
y1_HG02572.1#4	55d0a64fcb913ef6cc2dabd91a7c73338713355d63cb176578c48606528d9ed0
y1_HG02572.1#5	8e811ea4ced04cc4c295491116497876335fe4433ed57cf3f71b2a22c2c1915b
y1_HG02572.1#6	303689a76034adbfff462d3f26fd06d17503cbdaf80545b6e26a3086b53d237e
y1_HG02572.1#7	5f7654ff7814651dcad17168a9debed9497ef63ad8889643675479159691cd59
y1_HG02572.1#8	9bcc489b29195c0597c072924e56ad0b8cb512117eb9e35f45a1ba2f138c12b9
y1_HG02572.1#9	bef61ce0cb9a6a954dd5a71d88ce49e39c1922388762552050538fb5eb5f31c3
y1_HG02572.1#10	c2192367500c21219691f819e636ea2d690c1014ea2103d6cf5655cd315ca522
y1_HG02572.1#11	cab93a97d646effc1cf27b1d9a09ddb606d08b487d391e42a5d19c55395d67bf
y1_HG02572.1#12	c464a29e1ea434ca74533b7d158b269e9e9da47f8a274fab6fc0cf20ced35414
y1_HG02572.1#13	ffbad89c71b802aa88abb0a59cebcf1357439cab65134a8c12ff5b75a2b61a70
y1_HG02572.1#14	c442c39dad2fc1a87aa45560ab26765ddba1ca103a6b8344137832105f28e4a4
y1_HG02572.1#15	15fe8d797da07b4fb4410220b037b5070301155421b6d196d4760bdf65e574fa
y1_HG02572.1#16	1691ac652f4e66cf0b2fd3265d2e47ad5e72119d583c41baf9d5b124b129cf19
y1_HG02572.1#17	f6b5cc0ffa5c165726a0ab932327f9c2882c3997acca4d738f4117a853871755
y1_HG02572.1#18	059f23a2fa108a6104f85fc1da02286fea4890d41e90428a61d31f31d795a819
y1_HG02572.1#19	1734f74f08e37a8050628cb660dff39bb5626740c29c6893cad071202a2457e9
y1_HG02572.2#0	a0c28b92380cdaca62cc05eee5b50992062e0ddb9f36800563d0a401b8819e7a
y1_HG02572.2#1	936fdcd20e5d458a0aea3a2e9adf1bdc00ed173f670c9f8f35ff9abbb4883687
y1_HG02572.2#2	8a6a89a56d7beb03fe261809eef38c75ef90699371175ee7f43d9d74cc406e7f
y1_HG02572.2#3	0fcad7c1e96e614fd5fad10c0ff20e17aecbc004f3c78b4e16310f8c431deda0
y1_HG02572.2#4	40ccd77f7ae49abb3f03631cb8d16dbd847bbafea18ece7a48ee80a3d7dd30c4
y1_HG02572.2#5	decb917125182b0eff494b86284fa0dacaad1816ef04080015612e2b4a850b2f
y1_HG02572.2#6	2865c8a076e62a78101fcdd32dd7e0497f09e485fafb0c2887161527cc49dad9
y1_HG02572.2#7	7813fbec5673e2e35fc8cd122dc20c69994b54a821f1d23d30f80c85c35445f2
y1_HG02572.2#8	2474d48a98b14e1b781513709bec82ee535a3f5a3c162c90c23c08c96b0b6538
y1_HG02572.2#9	822b8ffd637d5b953077032cc9835f9525293045320ca2ae7860009bd8df27bf
y1_HG02572.2#10	2f180fe954e69e7f480e5eca6fa81cee307de02e6d0577cd6e69163abdd4cbc1
y1_HG02572.2#11	6017dfccd22d4ad73f33a9ccefe619ed7d588b41ff7196b77c60157474094454
y1_HG02572.2#12	a479e38f8db5062be9d61b8ff70492d2c2de2c6b23319903f17d8cee2ebe2e4a
y1_HG02572.2#13	2194bced645b20cc7eccdce4ba9313423933e1bd75dad8baf27a4906983f1210
y1_HG02572.2#14	5358deb9bbd0f21ccce9595d7249e7ddbeb844a5821a6b274ebba39c8d8e8781
y1_HG02572.2#15	bf409a6020534f7edd671fa3ce35c2bf0b7a138e2e1b7d30158a2128657045a6
y1_HG02572.2#16	e8c6745decd282a5d90e2f81dfe006eb3a020e74f190f39698e16f48b3f27988
y1_HG02572.2#17	c817f02d8c4f9f0400aacaf942b14c5ac86b7916a4321a2cee4c06881943f87c
y1_HG02572.2#18	a1817e64a08299221f48639a16aa8790fb5975a89eccdc3523ad2e65e28587d6
y1_HG02572.2#19	43b0e57835e379c6e820980db229fa1c42107ec5af523846447108a7673bbcf8
y1_HG02622.1#0	833c98da8fb1cd9cae6ded64fb6155d8f46fd873da8057432a7b8513c2876aa4
y1_HG02622.1#1	4eb565a29a254dccb7b16abf72628b81c6fdca9c5e08237d8a27329a47c21274
y1_HG02622.1#2	01107f24acf9dd980576cf53bc6414daff2d90b4c643f16b7fdf607d245e3b73
y1_HG02622.1#3	6e9dbb581caf783d9392c073294b609619f58ba97705d3595ed639898fe90189
y1_HG02622.1#4	1ae89a6a9760ea8560bdc7e4dd5e305c9344220edf5da636dc301d82c10eb600
y1_HG02622.1#5	3fa41438d23b38bfe6c473f6304782c04b181a6453d55dab19f41d27987b14f4
y1_HG02622.1#6	5c81daa058696d84ec663c30da72a558d6beb47ba8a1f33a6f573116c3374b0c
y1_HG02622.1#7	dae121260ff6bf122bef7723effc919b7d15a059aa766866de66ba93e7555fbc
y1_HG02622.1#8	637f93b526fc05a69a620f0153be749fdd7e4cba5d9e8bf98829cd6a49973b66
y1_HG02622.1#9	77ab875f3b4e026e339f21d60c8a00437d343f9cf1ca2fa61b84be8091a9df0f
y1_HG02622.1#10	d6d0398d259bffd2741459d001210fbfc0b097bae8ce821ebac2b98ff6ae060b
y1_HG02622.1#11	a239fdc6e4b8c9f9708997ea5f34bc8d70e600c1632a237abac78656b8c9c900
y1_HG02622.1#12	136b733cdeb844eff59439ae09feb5bab8ef7b0b652a728350f2271271480558
y1_HG02622.1#13	25f1c5897878b8b57217a724c6d8ef35da199c2af0844ad6e1bd23eb6a535c25
y1_HG02622.1#14	e898a1b05fa5ba7daf7b443e799f736542ecb4b121dc5f4612683d1a9038d22e
y1_HG02622.1#15	59e3cd7305be29654dce6f36019f2a20d8fff327ba9db1b4b09f9a10d8e36b72
y1_HG02622.1#16	fc4e59191e03990902b74f53a0bea25d43f4e0de07d5f408033ceedb83dd7e3b
y1_HG02622.1#17	9002cdb65c4222769141c191c56207683185db37d5b1dfa54972b3885e91d7af
y1_HG02622.1#18	4f2d1565e942e012300cd63a4b5b3279e58009e59b0ae3acdd5a5f886058a318
y1_HG02622.1#19	ded67fcf8fdc3d9bd9a319b9fc430056128df139bc0c838009945ba0194451e5
y1_HG02622.2#0	b1adcadcde2fdacf8139dc6f8e6bac85f47428fb288a5c402fc9bec009a3eaba
y1_HG02622.2#1	d93b48dee537ea14b904f9a6808e8f6adec3140d78601b5738c362a9adbf85ef
y1_HG02622.2#2	77762998e78ad96a553a854b871ac8641bb8715724dbbbd54caad85ccae26ac8
y1_HG02622.2#3	833118046fdd3494c31f9c79a9a01f2a5696ffb07b5a65728a6a21f0cf9f0f11
y1_HG02622.2#4	699d87f3e35c65402699c9e8be659581e2d1329a60df40518a813dcb4e7b6615
y1_HG02622.2#5	2cf01a43ac7d110cbd313962a7c5f29f721bb4d5be0d1cdd0cb6d2c9c56f8aff
y1_HG02622.2#6	a40613126a3a1a951f0bc0fa96566b3249c60c019115a38329af20f872522b57
y1_HG02622.2#7	45b49efb8f319a0a22b111b79cd7bfde070ae86e8702b14b869e60404e0110ae
y1_HG02622.2#8	009314dfbe8221b08db1c24c1cb9d17bc36628bac4be2ba6e78b5619b7cc823c
y1_HG02622.2#9	1ffa67953f21c751e0aab5e8c4f0fbe5aa8d601fb6d32f0e631b06e822446d7c
y1_HG02622.2#10	971e2c46bd630fcc46857a31841b50e1d945738d5d21e98eb7e29c815c0c6340
y1_HG02622.2#11	9f26ae8e726b81e7ba9643ea947673cb15bdf3e245f69de9c3d505a9ab439304
y1_HG02622.2#12	ed9621bcaf44f114f1226595fed384156c7a247dc93590725db0b6cf46b6bb7b
y1_HG02622.2#13	313af81654d93f9a7aab077010a55300dba08dc17c85900035bf5e6fc2a25d2d
y1_HG02622.2#14	9faf25383a4bbc8401a31618676c196aa19893938293fc2ecc4ab76cd894b7fc
y1_HG02622.2#15	e4c92cf04c1eb7204eedf4b0fc33fe572612ac967beae89c8bca9b1cd198464e
y1_HG02622.2#16	0926e6dccd35df73b2abf2fe0f621a342bc55534d4d3b31f93bd84d2fc7e3d1a
y1_HG02622.2#17	5ca4d9fd0586689a77038a1089ae41737711ab8e0dd9e440f287f5ddcb10dabf
y1_HG02622.2#18	f15d277f93c3d3fea9eda052b5aed5cde28c0cb0c10fbc8ce9043efb99b6df1b
y1_HG02622.2#19	89248a987ca8bf23e412103cb1a7843255c733238ffa2147075f67cc1dff838d
y1_HG02630.1#0	385be6692d554842ddfaabf015240f18d01ebee6154ecffbf956972aa60b5de8
y1_HG02630.1#1	5a0aec9f4bbc7ab5129072888465d6841d84cee936383a53a9a13a4609d2a960
y1_HG02630.1#2	5a29f67539235acc73e098e2b713c15f7ad054f002dc88115729c3ace75861ff
y1_HG02630.1#3	7e94ac0604221974a73725c82f0381387e490ec5298b3596fa7bc8c5f4b773f3
y1_HG02630.1#4	17ccc6bfa5700ff7ceb9e2e0db2fc5fad1edce764cb9c2a48516fd55a8aaffc4
y1_HG02630.1#5	73e440a7866dcc15eaf27b16aa3e1da5eccc4d823e9598211c287cc3fdddadf7
y1_HG02630.1#6	1e28c3f0dd2485f25dc80a63b3f06c523ad5a235850d864b5e2555341f0d81f9
y1_HG02630.1#7	5dc33488601d917ac77a8c0839f8305dd0368d795d0ab376b3d3820966a07c57
y1_HG02630.1#8	e1e0b5c989bce999418bc0271cf82c81cc3e268af32d1748825d949c5a5ae052
y1_HG02630.1#9	ed980d3bc642249c1597d6fa21bf9f6ce9f4f85a3cca20d67e320c32ed15fe10
y1_HG02630.1#10	499d22ed1b37d5b0b42755f1f0b4bc22c5e00e1836ccd706a7807869659ad8ec
y1_HG02630.1#11	e12ea34ee43f5594d46927a8f5970e39acbcf92f04c0dbd45d8788a3363ab30d
y1_HG02630.1#12	46d0cd92cb23ef19e12db763f949a5f02920e56fbe0e53cde6ac5ccc5ca20b81
y1_HG02630.1#13	1dd95119a6ca12da08b55d78bb6fd1c06e98e872d0c736f0a8a9886ac46e48f7
y1_HG02630.1#14	3ea55ab9c5bdd4bb900ecf8881b82157985eaa8d3596510dcecbfbd2ec4c2e7a
y1_HG02630.1#15	5650070552e6c49d37378eaf7b68fcd4e0171af9b505f3b674b8fb59f7f0264c
y1_HG02630.1#16	776a8290c7ab1b4082390fea80cca827b93468a373e4b4d5b3dc29df14b1fc3e
y1_HG02630.1#17	efe9dd7a60c4ac646323f2441044981b0e49d2a00469daf5927737e1f3720be0
y1_HG02630.1#18	5bddb9a6015b20e15cd7fd46565ae95b2602c1363093b4c5aeef71c7a5ac85a7
y1_HG02630.1#19	37a8d63db3212af7ebcdcfb445c601b4659b77eb56fc36043a50e2ff753d4990
y1_HG02630.2#0	f92daa6b10585b28ca758fc4879e5f3ec252be0827d9b0437a9667f14c461d8c
y1_HG02630.2#1	7b1307fc1d19755990bcc392917038a9bc63ecf8991e9f8462169c597eb05bad
y1_HG02630.2#2	7b081070a74b32c5724140e832ccc6a9022ad44a7adcbca9e013b7c9861da86b
y1_HG02630.2#3	aee983157caba3494b02bc66423a03219c43a19b978d262f8c2825439845ed61
y1_HG02630.2#4	409f22be33786f58414a3ad853eaa03e5f68d88cbabe611187ac1cd011bed34c
y1_HG02630.2#5	569e75b1ec84d728804606260812829b736b598d3a15e04ce91dbabfac4ac64a
y1_HG02630.2#6	f91980e42dd92407ffe6cabb9d64d24dd8142998ba11e4aac1e04c23d63d35a1
y1_HG02630.2#7	f5bab664b05d3ad82a9b6a07d90cd2e3bd273b62747cf2f42bfd643baa5d5259
y1_HG02630.2#8	5e7f529eb59de5850638b0e5619af574b9c681110e172877cca1e24147a60ac9
y1_HG02630.2#9	6f5d8f6c21bc7fef00b7cbea91da0a5baad381542b449a4b06a47712d6f5e865
y1_HG02630.2#10	d787a9480d2cd6d2258fdd216431f6f6d925b0002807d65e30de7ac2f1d902fc
y1_HG02630.2#11	e6501776e75e3b5d4818c8d10a04106a4e4ba98b4067c4bdd5f913e15ec0c31e
y1_HG02630.2#12	ddc40a0cc00e18a06329908f4c69d5d98847a5d5f0646d3aec516b713f77156e
y1_HG02630.2#13	4c2933fe0badf4c7c6bf69d6d56dab64c0e79291d8d1eb2629a0e14d7e8537ed
y1_HG02630.2#14	ef4f9c008efed617c37546e03aa5bb6d18e9c66c0ecab3738bca29dea084f7d4
y1_HG02630.2#15	ec2b7f77686deb3b11eabbe9d07387ba903383bbd849a53fc4a79c6c8a5e6a2a
y1_HG02630.2#16	8bd53ab090bc78b035c5db194462afcc01ff2cd7c1077c7f014c9c6eab0387ff
y1_HG02630.2#17	0d87f316b7d007a84500c49db59c0d31bc05d0247db0ec64a2661689f42c1ea4
y1_HG02630.2#18	5cf9a85f153aa7ad9d1a1b024eba9fe4ae030727506717ece60d08514226995b
y1_HG02630.2#19	e1cc3d4be4d42972098e2230829f287bb4643ebc042e07d236373721a95a14a2
y1_HG02717.1#0	facaa365be76f0641efd092202ab1e7cb041118b313920eba1493574e635ad5f
y1_HG02717.1#1	93640bcbfcd71dc256b4d98d5958077b5ea4c552c39b4a70c8984e9b4971a766
y1_HG02717.1#2	51cf36319f58223a8dfeae64cf453326a8eb3a01d52f7ff29c29725dd7cbcd18
y1_HG02717.1#3	47941ee5f014b42086059959359e3eb9cac27a3737dfe7d5c3514cf8569ad49d
y1_HG02717.1#4	266556aa9ce2dfbc22d1f2f55131244ff94089ea80a7390d89af37157c791a63
y1_HG02717.1#5	b8954114c71ae2df52960d9d05af25fa1bf85a0e8bc44254f2e3b5f9100f661d
y1_HG02717.1#6	e52916ff25450c383c8b7e4c50558afdf15bb1c880623be8a185780060cb703e
y1_HG02717.1#7	e94335df821f682fddfac5db462fa5a88550a01cef8a9eef097d07cfce752f4d
y1_HG02717.1#8	bb57eee778ef042ed258e52f2a170217d287cdfe83c4263fbdb5cb43177815fa
y1_HG02717.1#9	ff4ddf4a287d29ce3b344ff8485c8ad1a64d687e5a37a5ad498471447e83ffbd
y1_HG02717.1#10	d43af44ecf46284f5ca533a6554a6f86228ce6f4f0fc910d44985aba203b8e1f
y1_HG02717.1#11	15ae5b55b5a5516482f43a913a7a74effa103ebf8b0ff5e75dd9766e07fa5373
y1_HG02717.1#12	98903dc1a7b1ee956d9ee6ebf40be73d4e2dfa64d774e22665eeed1856b0cae8
y1_HG02717.1#13	f7f995319f823442c74c87827a2c7824a986f6183b1688c42d99732ccc9bcfb9
y1_HG02717.1#14	1acaa5d17313a8b0ecc298e7d4b25d081e9480bc8151efd56f42e3e6623c3db0
y1_HG02717.1#15	0a7620c93823e891b84c2f3de7c48879235f4172871e95803f8a8e54faf8d80a
y1_HG02717.1#16	251ed260a64257ed6851d63d38cd458f164c0aef8b73c6309eb261f38666162f
y1_HG02717.1#17	477e25d76d4dfff67647606294d70ac42cf6728619ea1b5b7ecfba2d723d72bd
y1_HG02717.1#18	92b32be008c91e4338ed65a0bd307a26540a0c4c3783035ee8050cd05c15092d
y1_HG02717.1#19	789c67b25bfca860f1a057d651b29d8d213454c638b631106877900619e77c62
y1_HG02717.2#0	84121f0eaba0900e15fe243e1ee79bd1093033a42d19a66b176c37b1f1c3dec4
y1_HG02717.2#1	1b075f761cbf54c724e4884d9c47b365c268ea16f3b7e85a3b6e3d7cc74bcca2
y1_HG02717.2#2	433f628237802212936761275f7f79a067afe6959c7775762f64879fd15710cd
y1_HG02717.2#3	220a8d5cd61dd35c246ac56b69169cb6b5d16389178e4e9e25252fa72dc88bfe
y1_HG02717.2#4	b925efbf995b7396759c1da42670466d1553fb890f676526de68232ce80a0366
y1_HG02717.2#5	ccb7f7f2e2610e313454a37ae790a53af24bd319541cc78d4e36a92d55ea287c
y1_HG02717.2#6	9abd21c79919f84f655bd2f3432bfded6a83e631c376c986064ff626e4735ef7
y1_HG02717.2#7	f2b3e41a1ed184dcdb528aa2b593e42a516eb9622fb6c38d0626d48aeb2409bb
y1_HG02717.2#8	10573c8488d730e454574d8014519f48e4e7b6fd7fb8262a7aaff0e25add011a
y1_HG02717.2#9	d00ffed85b53897588d7cfc2f7090b4a9ecb745b9e563271e469d42c04d42f06
y1_HG02717.2#10	ae5176b50f944c7357df347e83679936bc57a0e89cf001860b9c9903a7e30495
y1_HG02717.2#11	7690ffdce0f5fc3628c7ea25183031ab61f83ba23d6a51ffc0f9e7f0cc87ef8f
y1_HG02717.2#12	3fed0117217b779a74670bc13a4a9b0495c44f4aa791b6b1cd8ec13ef89753ca
y1_HG02717.2#13	894c9ed1806ee60e08a2b37c6b3012c1190a2d59b50ffc36381c35f006d67388
y1_HG02717.2#14	d05822da4b426515ceea1ecfd0eb322cb7fd7b7cc46f95187d63282cdeff9f4c
y1_HG02717.2#15	67dbd9b903cb0850a563b1c342688f9e53f9cb55fb20236651c44c9f7a757c26
y1_HG02717.2#16	5a08afa1912b1442e59ee235ce8585e33ca274f0d0ce9576c444c36f091fa63f
y1_HG02717.2#17	bc84fd926dc33ec65824129b2ebf9e222d066ceed95261acab1c49562839c5ae
y1_HG02717.2#18	1cbbac27536e0d0bf46299ba9c202b6389f5c916e89ecfd2cfde6d9a6a980f93
y1_HG02717.2#19	42e5bf1689eecbbc789376ac8930f75e9626f600dde1b0e8d5cdf6293002cdd0
y1_HG02886.1#0	368147a380b1ece3c456e820e0e41ec19646e6b2bf5dd93ec08bd4cbe1842577
y1_HG02886.1#1	36af02e264568a669d9b3b6d1943905fba0c6c81dc4e9e07f55c90079bc0624d
y1_HG02886.1#2	828754cd080b5a9635b221a3705f00c3bb15f7fff17e8e5b332f0de0d1e08430
y1_HG02886.1#3	8150d949901d3b89ffcaebe41fbecd5ab6c31e61f61ec9b0b5a2d88dbc8e006b
y1_HG02886.1#4	5c08fe7917e939ee1fb76f30e7a36a0ef4d002156f31938ac2855078fa1997d2
y1_HG02886.1#5	0be45c499fed04aebd5a1f14bdaf317bc5f12039bdfdf7f50f08d5592cfff7a5
y1_HG02886.1#6	028ea07781d74fe6c0be0d44059ec7e14fabe0f3799e6f9e247e092a7acd1608
y1_HG02886.1#7	7f70fc11fcb5886c55401bbaeaec41a2515e3ab87e3c3fa2765232f03a37a3bb
y1_HG02886.1#8	d06c07996a3436f5fa2561cf7e829932fb6d3b1c410b1f45fea4469b71068602
y1_HG02886.1#9	4771a4ea613d87ba00dd1af91031025f2187a087ef99a4650bc7cc9d292fe88e
y1_HG02886.1#10	d4a2b47903141c0ca0ac022f8f708a3eb07582f9f899fd9a65d53459e265d801
y1_HG02886.1#11	ae0dc79b6b32ef551a1949981572e6a54de4b449cee9dbfb4eb5da1e12f2ab65
y1_HG02886.1#12	8a7d947c43309a8f31e289471ebd92177a3546ed2ebd16b576b66ad662ca5732
y1_HG02886.1#13	41535e418dcd199f88d2fc86241d0af1bd1c7b28fd2eeeb063b9c124a695dc3c
y1_HG02886.1#14	8816af014ca749777ad41b31feb398c1e4a1b66d1b23a89b3cc49f35e2d80015
y1_HG02886.1#15	223b9033d8094d3e97f557bdfd524287bfd9d5ce44ed9fe617ef045d9bd9c72e
y1_HG02886.1#16	2aca5fa4acb278e2bf1022677641f6ed51fdd0f1ae549ee5c0c9e44df871fe04
y1_HG02886.1#17	9c16f218d0396072a33f880263c2826ed7ffda772a97fd6293bdaa95ad6cb427
y1_HG02886.1#18	a07e08232b12362b9acc1859c51575738e283e948f273edf4befce0eabceaf79
y1_HG02886.1#19	b57f750f6c6465d882f104540a39bf8a69cbd9dcfba4be0ff41729c2ba2dc76a
y1_HG02886.2#0	137cf6ea7eb8e8bc0ab5f4872b4b94101211c2b9d3419f303383a84902ded860
y1_HG02886.2#1	f5123f840911c362fb1a9976dee7cd33c598483983fbfe8e39cb0fd39bbec725
y1_HG02886.2#2	81094752bcc9e9f0456ba53adcb05d1e5e6e9730aeb2102a6078e1111ec3ff20
y1_HG02886.2#3	c1a047e1a0311fb6639e9342170883676538a1c030f0718b9ff2eda96f4aeb07
y1_HG02886.2#4	53c5966751db748f9605a0681c90f1cb15e3e792d3d6ae8292e8e47b05344d01
y1_HG02886.2#5	2b7d4f78a9f73875044bc9a02e4d3b4921c1a1198307e4509c67cb304205aaa9
y1_HG02886.2#6	5296e80cd390be28d9814885b399c161d5d8befd99c5f9016dd628ba9555eaa2
y1_HG02886.2#7	9349c7f7a57ee3273639e8211bd596acc4c47e44a9f5b773263318165004ca4a
y1_HG02886.2#8	8b2f16b7c08e7eefd87142dab84101c30bee3ba53830c5b89543ab6d5094365a
y1_HG02886.2#9	7dbeff760329b39bbf4c10cc10ebf4cbf5e9935cdea8653bf4a46c8cc7065256
y1_HG02886.2#10	014d1a29b1764a53cda29bf2c04de132c586ed4d955f52e1b43f332cc9d9a07a
y1_HG02886.2#11	58fc4088dc31ea89bea42d72badbdbfbb707a8c4cd7db8416ce0565a6c4ddb02
y1_HG02886.2#12	5d385fe2ec7ec4b5d45b70074af99874930f4bf8ce65b7b8fd28aa00b8ce8338
y1_HG02886.2#13	902d102e729b3ad88c4e9654aed4e51410d9c1beb4e686944d9cede9f541056c
y1_HG02886.2#14	573415e8fccdb35d6ea453c9c890c25373e5c70bbf64ed435d3f86d133e9cc70
y1_HG02886.2#15	37fed154fbf52c8df6c7c2c4da2f265f2a2b80017f230dc54b7c104c13d43295
y1_HG02886.2#16	f13cbc74a250a4770ac603b129490bb209243173ee2833556e708e13065ab7da
y1_HG02886.2#17	c8d74dcd752fb85b8bda34c42c3b5c7bf4a8c52a1393f69d70f769495e325d38
y1_HG02886.2#18	ea8b4736b7f39d20223275f6b1abd89e626b903ea7651c067836f89fefcc904a
y1_HG02886.2#19	f518a20a872ff840c2042ae26f69dedad977590ee42fbd166ad55e305228c085
