j	length	rank	fraction
0	119982	4	0.9701460015273784
1	115613	0	0.7149566725999998
2	126692	6	0.21858421273271778
3	72011	7	0.027784827343193763
4	149046	2	0.9981114823404035
5	59827	0	0.8209013481632534
6	119264	6	0.49386190968583155
7	964681	0	0.7988699775399776
8	63155	4	0.32906830908799867
9	282870	6	0.31749539918497716
10	142604	0	0.7361061134909945
11	366637	2	0.9014157373601684
12	535236	1	0.27258425806274733
13	50820	7	0.017418895132864987
14	180316	0	0.521035051735673
15	496429	0	0.8090634353392923
16	56779	4	0.7491651190946602
17	401902	4	0.7652139147641391
18	122414	8	0.11575518231068427
19	498558	3	0.24064910220560043
