id	site	calls	in_bytes	out_bytes
r0	createDCtx@agc_decompressor_lib.cpp:184	1	0	0
r0	createDCtx@collection_v3.cpp:148	6	0	0
r0	decompressDCtx@collection_v3.cpp:151	6	3828757	15724876
r0	decompressDCtx@segment.cpp:263	14	16468	1133258
r0	decompressDCtx@segment.cpp:306	13	48993	0
r0	freeDCtx@agc_decompressor_lib.cpp:290	1	0	0
r1	createDCtx@agc_decompressor_lib.cpp:184	1	0	0
r1	decompressDCtx@segment.cpp:269	18	258102	270164
r1	decompressDCtx@segment.cpp:306	18	54935	0
r1	freeDCtx@agc_decompressor_lib.cpp:290	1	0	0
r2	createDCtx@agc_decompressor_lib.cpp:184	1	0	0
r2	decompressDCtx@segment.cpp:269	17	245669	255172
r2	decompressDCtx@segment.cpp:306	17	45386	0
r2	freeDCtx@agc_decompressor_lib.cpp:290	1	0	0
r3	createDCtx@agc_decompressor_lib.cpp:184	1	0	0
r3	decompressDCtx@segment.cpp:269	18	257928	270171
r3	decompressDCtx@segment.cpp:306	18	62612	0
r3	freeDCtx@agc_decompressor_lib.cpp:290	1	0	0
r4	createDCtx@agc_decompressor_lib.cpp:184	1	0	0
r4	decompressDCtx@segment.cpp:269	18	260249	270195
r4	decompressDCtx@segment.cpp:306	18	58787	0
r4	freeDCtx@agc_decompressor_lib.cpp:290	1	0	0
r5	createDCtx@agc_decompressor_lib.cpp:184	1	0	0
r5	decompressDCtx@segment.cpp:269	17	219522	228952
r5	decompressDCtx@segment.cpp:306	17	118111	0
r5	freeDCtx@agc_decompressor_lib.cpp:290	1	0	0
r6	createDCtx@agc_decompressor_lib.cpp:184	1	0	0
r6	decompressDCtx@segment.cpp:269	18	260090	270162
r6	decompressDCtx@segment.cpp:306	18	49729	0
r6	freeDCtx@agc_decompressor_lib.cpp:290	1	0	0
r7	createDCtx@agc_decompressor_lib.cpp:184	1	0	0
r7	decompressDCtx@segment.cpp:269	18	260117	270168
r7	decompressDCtx@segment.cpp:306	18	50027	0
r7	freeDCtx@agc_decompressor_lib.cpp:290	1	0	0
r8	createDCtx@agc_decompressor_lib.cpp:184	1	0	0
r8	decompressDCtx@segment.cpp:269	18	257431	270186
r8	decompressDCtx@segment.cpp:306	18	50927	0
r8	freeDCtx@agc_decompressor_lib.cpp:290	1	0	0
r9	createDCtx@agc_decompressor_lib.cpp:184	1	0	0
r9	decompressDCtx@segment.cpp:269	17	247075	255208
r9	decompressDCtx@segment.cpp:306	17	66725	0
r9	freeDCtx@agc_decompressor_lib.cpp:290	1	0	0
r10	createDCtx@agc_decompressor_lib.cpp:184	1	0	0
r10	decompressDCtx@segment.cpp:269	18	259458	270261
r10	decompressDCtx@segment.cpp:306	18	53057	0
r10	freeDCtx@agc_decompressor_lib.cpp:290	1	0	0
r11	createDCtx@agc_decompressor_lib.cpp:184	1	0	0
r11	decompressDCtx@segment.cpp:269	17	241552	255229
r11	decompressDCtx@segment.cpp:306	17	63145	0
r11	freeDCtx@agc_decompressor_lib.cpp:290	1	0	0
r12	createDCtx@agc_decompressor_lib.cpp:184	1	0	0
r12	decompressDCtx@segment.cpp:269	19	244709	255197
r12	decompressDCtx@segment.cpp:306	19	47405	0
r12	freeDCtx@agc_decompressor_lib.cpp:290	1	0	0
r13	createDCtx@agc_decompressor_lib.cpp:184	1	0	0
r13	decompressDCtx@segment.cpp:269	18	255703	270557
r13	decompressDCtx@segment.cpp:306	18	58412	0
r13	freeDCtx@agc_decompressor_lib.cpp:290	1	0	0
r14	createDCtx@agc_decompressor_lib.cpp:184	1	0	0
r14	decompressDCtx@segment.cpp:269	17	244825	255153
r14	decompressDCtx@segment.cpp:306	17	26406	0
r14	freeDCtx@agc_decompressor_lib.cpp:290	1	0	0
r15	createDCtx@agc_decompressor_lib.cpp:184	1	0	0
r15	decompressDCtx@segment.cpp:269	18	258422	270357
r15	decompressDCtx@segment.cpp:306	18	47755	0
r15	freeDCtx@agc_decompressor_lib.cpp:290	1	0	0
r16	createDCtx@agc_decompressor_lib.cpp:184	1	0	0
r16	decompressDCtx@segment.cpp:269	15	245889	255612
r16	decompressDCtx@segment.cpp:306	15	41181	0
r16	freeDCtx@agc_decompressor_lib.cpp:290	1	0	0
r17	createDCtx@agc_decompressor_lib.cpp:184	1	0	0
r17	decompressDCtx@segment.cpp:269	17	245236	255153
r17	decompressDCtx@segment.cpp:306	17	56749	0
r17	freeDCtx@agc_decompressor_lib.cpp:290	1	0	0
r18	createDCtx@agc_decompressor_lib.cpp:184	1	0	0
r18	decompressDCtx@segment.cpp:269	18	259741	270192
r18	decompressDCtx@segment.cpp:306	18	57127	0
r18	freeDCtx@agc_decompressor_lib.cpp:290	1	0	0
r19	createDCtx@agc_decompressor_lib.cpp:184	1	0	0
r19	decompressDCtx@segment.cpp:269	18	260336	270180
r19	decompressDCtx@segment.cpp:306	18	62786	0
r19	freeDCtx@agc_decompressor_lib.cpp:290	1	0	0
r20	createDCtx@agc_decompressor_lib.cpp:184	1	0	0
r20	decompressDCtx@segment.cpp:269	17	244011	255240
r20	decompressDCtx@segment.cpp:306	17	51943	0
r20	freeDCtx@agc_decompressor_lib.cpp:290	1	0	0
r21	createDCtx@agc_decompressor_lib.cpp:184	1	0	0
r21	decompressDCtx@segment.cpp:269	17	245691	255157
r21	decompressDCtx@segment.cpp:306	16	40893	0
r21	freeDCtx@agc_decompressor_lib.cpp:290	1	0	0
r22	createDCtx@agc_decompressor_lib.cpp:184	1	0	0
r22	decompressDCtx@segment.cpp:269	17	246463	255156
r22	decompressDCtx@segment.cpp:306	17	48025	0
r22	freeDCtx@agc_decompressor_lib.cpp:290	1	0	0
r23	createDCtx@agc_decompressor_lib.cpp:184	1	0	0
r23	decompressDCtx@segment.cpp:269	20	260509	270230
r23	decompressDCtx@segment.cpp:306	20	45488	0
r23	freeDCtx@agc_decompressor_lib.cpp:290	1	0	0
r24	createDCtx@agc_decompressor_lib.cpp:184	1	0	0
r24	decompressDCtx@segment.cpp:269	17	244666	255160
r24	decompressDCtx@segment.cpp:306	17	42380	0
r24	freeDCtx@agc_decompressor_lib.cpp:290	1	0	0
r25	createDCtx@agc_decompressor_lib.cpp:184	1	0	0
r25	decompressDCtx@segment.cpp:269	18	256722	270206
r25	decompressDCtx@segment.cpp:306	18	37990	0
r25	freeDCtx@agc_decompressor_lib.cpp:290	1	0	0
r26	createDCtx@agc_decompressor_lib.cpp:184	1	0	0
r26	decompressDCtx@segment.cpp:269	19	259561	270200
r26	decompressDCtx@segment.cpp:306	19	42663	0
r26	freeDCtx@agc_decompressor_lib.cpp:290	1	0	0
r27	createDCtx@agc_decompressor_lib.cpp:184	1	0	0
r27	decompressDCtx@segment.cpp:269	18	262684	270163
r27	decompressDCtx@segment.cpp:306	18	52483	0
r27	freeDCtx@agc_decompressor_lib.cpp:290	1	0	0
r28	createDCtx@agc_decompressor_lib.cpp:184	1	0	0
r28	decompressDCtx@segment.cpp:269	18	261124	270196
r28	decompressDCtx@segment.cpp:306	18	52115	0
r28	freeDCtx@agc_decompressor_lib.cpp:290	1	0	0
r29	createDCtx@agc_decompressor_lib.cpp:184	1	0	0
r29	decompressDCtx@segment.cpp:269	17	243660	255184
r29	decompressDCtx@segment.cpp:306	17	41907	0
r29	freeDCtx@agc_decompressor_lib.cpp:290	1	0	0
r30	createDCtx@agc_decompressor_lib.cpp:184	1	0	0
r30	decompressDCtx@segment.cpp:263	1	809	5863
r30	decompressDCtx@segment.cpp:269	19	217196	300374
r30	decompressDCtx@segment.cpp:306	18	51996	0
r30	freeDCtx@agc_decompressor_lib.cpp:290	1	0	0
r31	createDCtx@agc_decompressor_lib.cpp:184	1	0	0
r31	decompressDCtx@segment.cpp:269	18	260062	270166
r31	decompressDCtx@segment.cpp:306	18	49786	0
r31	freeDCtx@agc_decompressor_lib.cpp:290	1	0	0
r32	createDCtx@agc_decompressor_lib.cpp:184	1	0	0
r32	decompressDCtx@segment.cpp:269	57	54715	303519
r32	decompressDCtx@segment.cpp:306	55	646218	0
r32	freeDCtx@agc_decompressor_lib.cpp:290	1	0	0
r33	createDCtx@agc_decompressor_lib.cpp:184	1	0	0
r33	decompressDCtx@segment.cpp:269	18	260735	270183
r33	decompressDCtx@segment.cpp:306	18	44384	0
r33	freeDCtx@agc_decompressor_lib.cpp:290	1	0	0
r34	createDCtx@agc_decompressor_lib.cpp:184	1	0	0
r34	decompressDCtx@segment.cpp:269	18	260058	270162
r34	decompressDCtx@segment.cpp:306	18	42437	0
r34	freeDCtx@agc_decompressor_lib.cpp:290	1	0	0
r35	createDCtx@agc_decompressor_lib.cpp:184	1	0	0
r35	decompressDCtx@segment.cpp:269	17	246646	255259
r35	decompressDCtx@segment.cpp:306	17	44401	0
r35	freeDCtx@agc_decompressor_lib.cpp:290	1	0	0
r36	createDCtx@agc_decompressor_lib.cpp:184	1	0	0
r36	decompressDCtx@segment.cpp:269	17	245455	255176
r36	decompressDCtx@segment.cpp:306	17	52054	0
r36	freeDCtx@agc_decompressor_lib.cpp:290	1	0	0
r37	createDCtx@agc_decompressor_lib.cpp:184	1	0	0
r37	decompressDCtx@segment.cpp:269	18	259447	270230
r37	decompressDCtx@segment.cpp:306	18	47682	0
r37	freeDCtx@agc_decompressor_lib.cpp:290	1	0	0
r38	createDCtx@agc_decompressor_lib.cpp:184	1	0	0
r38	decompressDCtx@segment.cpp:269	18	260481	270207
r38	decompressDCtx@segment.cpp:306	18	66486	0
r38	freeDCtx@agc_decompressor_lib.cpp:290	1	0	0
r39	createDCtx@agc_decompressor_lib.cpp:184	1	0	0
r39	decompressDCtx@segment.cpp:263	10	16421	865507
r39	decompressDCtx@segment.cpp:306	9	80808	0
r39	freeDCtx@agc_decompressor_lib.cpp:290	1	0	0
r40	createDCtx@agc_decompressor_lib.cpp:184	1	0	0
r40	decompressDCtx@segment.cpp:269	17	244879	255168
r40	decompressDCtx@segment.cpp:306	17	47802	0
r40	freeDCtx@agc_decompressor_lib.cpp:290	1	0	0
r41	createDCtx@agc_decompressor_lib.cpp:184	1	0	0
r41	decompressDCtx@segment.cpp:269	18	261277	270174
r41	decompressDCtx@segment.cpp:306	18	25238	0
r41	freeDCtx@agc_decompressor_lib.cpp:290	1	0	0
r42	createDCtx@agc_decompressor_lib.cpp:184	1	0	0
r42	decompressDCtx@segment.cpp:269	18	260670	270163
r42	decompressDCtx@segment.cpp:306	18	48635	0
r42	freeDCtx@agc_decompressor_lib.cpp:290	1	0	0
r43	createDCtx@agc_decompressor_lib.cpp:184	1	0	0
r43	decompressDCtx@segment.cpp:269	18	261998	270162
r43	decompressDCtx@segment.cpp:306	18	52323	0
r43	freeDCtx@agc_decompressor_lib.cpp:290	1	0	0
r44	createDCtx@agc_decompressor_lib.cpp:184	1	0	0
r44	decompressDCtx@segment.cpp:269	18	256910	267005
r44	decompressDCtx@segment.cpp:306	18	63138	0
r44	freeDCtx@agc_decompressor_lib.cpp:290	1	0	0
r45	createDCtx@agc_decompressor_lib.cpp:184	1	0	0
r45	decompressDCtx@segment.cpp:269	32	95506	489398
r45	decompressDCtx@segment.cpp:306	32	394236	0
r45	freeDCtx@agc_decompressor_lib.cpp:290	1	0	0
r46	createDCtx@agc_decompressor_lib.cpp:184	1	0	0
r46	decompressDCtx@segment.cpp:269	17	244209	255162
r46	decompressDCtx@segment.cpp:306	17	58958	0
r46	freeDCtx@agc_decompressor_lib.cpp:290	1	0	0
r47	createDCtx@agc_decompressor_lib.cpp:184	1	0	0
r47	decompressDCtx@segment.cpp:269	17	245652	255170
r47	decompressDCtx@segment.cpp:306	17	50977	0
r47	freeDCtx@agc_decompressor_lib.cpp:290	1	0	0
r48	createDCtx@agc_decompressor_lib.cpp:184	1	0	0
r48	decompressDCtx@segment.cpp:269	20	260862	271990
r48	decompressDCtx@segment.cpp:306	19	36551	0
r48	freeDCtx@agc_decompressor_lib.cpp:290	1	0	0
r49	createDCtx@agc_decompressor_lib.cpp:184	1	0	0
r49	decompressDCtx@segment.cpp:263	1	67	448
r49	decompressDCtx@segment.cpp:269	18	246220	270247
r49	decompressDCtx@segment.cpp:306	19	122107	0
r49	freeDCtx@agc_decompressor_lib.cpp:290	1	0	0
r50	createDCtx@agc_decompressor_lib.cpp:184	1	0	0
r50	decompressDCtx@segment.cpp:269	17	256200	271491
r50	decompressDCtx@segment.cpp:306	17	113768	0
r50	freeDCtx@agc_decompressor_lib.cpp:290	1	0	0
r51	createDCtx@agc_decompressor_lib.cpp:184	1	0	0
r51	decompressDCtx@segment.cpp:269	17	242622	264472
r51	decompressDCtx@segment.cpp:306	17	92270	0
r51	freeDCtx@agc_decompressor_lib.cpp:290	1	0	0
r52	createDCtx@agc_decompressor_lib.cpp:184	1	0	0
r52	decompressDCtx@segment.cpp:269	19	260917	270173
r52	decompressDCtx@segment.cpp:306	17	46311	0
r52	freeDCtx@agc_decompressor_lib.cpp:290	1	0	0
r53	createDCtx@agc_decompressor_lib.cpp:184	1	0	0
r53	decompressDCtx@segment.cpp:269	18	260139	270232
r53	decompressDCtx@segment.cpp:306	18	49038	0
r53	freeDCtx@agc_decompressor_lib.cpp:290	1	0	0
r54	createDCtx@agc_decompressor_lib.cpp:184	1	0	0
r54	decompressDCtx@segment.cpp:269	18	259582	270180
r54	decompressDCtx@segment.cpp:306	18	50045	0
r54	freeDCtx@agc_decompressor_lib.cpp:290	1	0	0
r55	createDCtx@agc_decompressor_lib.cpp:184	1	0	0
r55	decompressDCtx@segment.cpp:269	18	261143	270388
r55	decompressDCtx@segment.cpp:306	18	46826	0
r55	freeDCtx@agc_decompressor_lib.cpp:290	1	0	0
r56	createDCtx@agc_decompressor_lib.cpp:184	1	0	0
r56	decompressDCtx@segment.cpp:269	18	260870	270178
r56	decompressDCtx@segment.cpp:306	18	46851	0
r56	freeDCtx@agc_decompressor_lib.cpp:290	1	0	0
r57	createDCtx@agc_decompressor_lib.cpp:184	1	0	0
r57	decompressDCtx@segment.cpp:269	17	246536	255185
r57	decompressDCtx@segment.cpp:306	17	45237	0
r57	freeDCtx@agc_decompressor_lib.cpp:290	1	0	0
r58	createDCtx@agc_decompressor_lib.cpp:184	1	0	0
r58	decompressDCtx@segment.cpp:269	18	260721	270162
r58	decompressDCtx@segment.cpp:306	18	40903	0
r58	freeDCtx@agc_decompressor_lib.cpp:290	1	0	0
r59	createDCtx@agc_decompressor_lib.cpp:184	1	0	0
r59	decompressDCtx@segment.cpp:269	17	245243	255153
r59	decompressDCtx@segment.cpp:306	17	47342	0
r59	freeDCtx@agc_decompressor_lib.cpp:290	1	0	0
r60	createDCtx@agc_decompressor_lib.cpp:184	1	0	0
r60	decompressDCtx@segment.cpp:263	4	37835	272465
r60	decompressDCtx@segment.cpp:269	14	189192	211869
r60	decompressDCtx@segment.cpp:306	18	39715	0
r60	freeDCtx@agc_decompressor_lib.cpp:290	1	0	0
r61	createDCtx@agc_decompressor_lib.cpp:184	1	0	0
r61	decompressDCtx@segment.cpp:269	18	259219	270170
r61	decompressDCtx@segment.cpp:306	18	66306	0
r61	freeDCtx@agc_decompressor_lib.cpp:290	1	0	0
r62	createDCtx@agc_decompressor_lib.cpp:184	1	0	0
r62	decompressDCtx@segment.cpp:269	18	259715	271156
r62	decompressDCtx@segment.cpp:306	18	53975	0
r62	freeDCtx@agc_decompressor_lib.cpp:290	1	0	0
r63	createDCtx@agc_decompressor_lib.cpp:184	1	0	0
r63	decompressDCtx@segment.cpp:269	17	246402	255153
r63	decompressDCtx@segment.cpp:306	17	48407	0
r63	freeDCtx@agc_decompressor_lib.cpp:290	1	0	0
r64	createDCtx@agc_decompressor_lib.cpp:184	1	0	0
r64	decompressDCtx@segment.cpp:269	17	246588	255173
r64	decompressDCtx@segment.cpp:306	17	50274	0
r64	freeDCtx@agc_decompressor_lib.cpp:290	1	0	0
r65	createDCtx@agc_decompressor_lib.cpp:184	1	0	0
r65	decompressDCtx@segment.cpp:269	19	261037	270111
r65	decompressDCtx@segment.cpp:306	17	51256	0
r65	freeDCtx@agc_decompressor_lib.cpp:290	1	0	0
r66	createDCtx@agc_decompressor_lib.cpp:184	1	0	0
r66	decompressDCtx@segment.cpp:269	18	260895	270304
r66	decompressDCtx@segment.cpp:306	18	43185	0
r66	freeDCtx@agc_decompressor_lib.cpp:290	1	0	0
r67	createDCtx@agc_decompressor_lib.cpp:184	1	0	0
r67	decompressDCtx@segment.cpp:269	18	258756	270596
r67	decompressDCtx@segment.cpp:306	18	63427	0
r67	freeDCtx@agc_decompressor_lib.cpp:290	1	0	0
r68	createDCtx@agc_decompressor_lib.cpp:184	1	0	0
r68	decompressDCtx@segment.cpp:269	18	258085	270169
r68	decompressDCtx@segment.cpp:306	18	50502	0
r68	freeDCtx@agc_decompressor_lib.cpp:290	1	0	0
r69	createDCtx@agc_decompressor_lib.cpp:184	1	0	0
r69	decompressDCtx@collection_v3.cpp:151	6	204005	316169
r69	decompressDCtx@segment.cpp:269	19	262554	270382
r69	decompressDCtx@segment.cpp:306	19	50597	0
r69	freeDCtx@agc_decompressor_lib.cpp:290	1	0	0
r70	createDCtx@agc_decompressor_lib.cpp:184	1	0	0
r70	decompressDCtx@collection_v3.cpp:151	6	3828757	15724876
r70	decompressDCtx@segment.cpp:269	17	244404	255197
r70	decompressDCtx@segment.cpp:306	17	42702	0
r70	freeDCtx@agc_decompressor_lib.cpp:290	1	0	0
r71	createDCtx@agc_decompressor_lib.cpp:184	1	0	0
r71	decompressDCtx@segment.cpp:269	18	253828	270191
r71	decompressDCtx@segment.cpp:306	18	53764	0
r71	freeDCtx@agc_decompressor_lib.cpp:290	1	0	0
r72	createDCtx@agc_decompressor_lib.cpp:184	1	0	0
r72	decompressDCtx@segment.cpp:269	18	247971	255234
r72	decompressDCtx@segment.cpp:306	18	52435	0
r72	freeDCtx@agc_decompressor_lib.cpp:290	1	0	0
r73	createDCtx@agc_decompressor_lib.cpp:184	1	0	0
r73	decompressDCtx@segment.cpp:269	19	261881	271019
r73	decompressDCtx@segment.cpp:306	19	48818	0
r73	freeDCtx@agc_decompressor_lib.cpp:290	1	0	0
r74	createDCtx@agc_decompressor_lib.cpp:184	1	0	0
r74	decompressDCtx@segment.cpp:269	17	244960	255157
r74	decompressDCtx@segment.cpp:306	17	54079	0
r74	freeDCtx@agc_decompressor_lib.cpp:290	1	0	0
r75	createDCtx@agc_decompressor_lib.cpp:184	1	0	0
r75	decompressDCtx@segment.cpp:269	19	257990	270264
r75	decompressDCtx@segment.cpp:306	19	60508	0
r75	freeDCtx@agc_decompressor_lib.cpp:290	1	0	0
r76	createDCtx@agc_decompressor_lib.cpp:184	1	0	0
r76	decompressDCtx@segment.cpp:269	18	146752	726013
r76	decompressDCtx@segment.cpp:306	18	265040	0
r76	freeDCtx@agc_decompressor_lib.cpp:290	1	0	0
r77	createDCtx@agc_decompressor_lib.cpp:184	1	0	0
r77	decompressDCtx@segment.cpp:269	18	257482	270221
r77	decompressDCtx@segment.cpp:306	18	58458	0
r77	freeDCtx@agc_decompressor_lib.cpp:290	1	0	0
r78	createDCtx@agc_decompressor_lib.cpp:184	1	0	0
r78	decompressDCtx@segment.cpp:269	18	258058	270169
r78	decompressDCtx@segment.cpp:306	18	42965	0
r78	freeDCtx@agc_decompressor_lib.cpp:290	1	0	0
r79	createDCtx@agc_decompressor_lib.cpp:184	1	0	0
r79	decompressDCtx@segment.cpp:269	18	283773	300184
r79	decompressDCtx@segment.cpp:306	18	48647	0
r79	freeDCtx@agc_decompressor_lib.cpp:290	1	0	0
r80	createDCtx@agc_decompressor_lib.cpp:184	1	0	0
r80	decompressDCtx@collection_v3.cpp:151	6	204005	316169
r80	decompressDCtx@segment.cpp:269	18	259272	270421
r80	decompressDCtx@segment.cpp:306	18	45001	0
r80	freeDCtx@agc_decompressor_lib.cpp:290	1	0	0
r81	createDCtx@agc_decompressor_lib.cpp:184	1	0	0
r81	decompressDCtx@collection_v3.cpp:151	6	3828757	15724876
r81	decompressDCtx@segment.cpp:269	18	260371	270162
r81	decompressDCtx@segment.cpp:306	18	47266	0
r81	freeDCtx@agc_decompressor_lib.cpp:290	1	0	0
r82	createDCtx@agc_decompressor_lib.cpp:184	1	0	0
r82	decompressDCtx@segment.cpp:269	302	234954	727164
r82	decompressDCtx@segment.cpp:306	302	558616	0
r82	freeDCtx@agc_decompressor_lib.cpp:290	1	0	0
r83	createDCtx@agc_decompressor_lib.cpp:184	1	0	0
r83	decompressDCtx@segment.cpp:269	18	258724	270190
r83	decompressDCtx@segment.cpp:306	18	51985	0
r83	freeDCtx@agc_decompressor_lib.cpp:290	1	0	0
r84	createDCtx@agc_decompressor_lib.cpp:184	1	0	0
r84	decompressDCtx@segment.cpp:269	18	257473	270738
r84	decompressDCtx@segment.cpp:306	18	59833	0
r84	freeDCtx@agc_decompressor_lib.cpp:290	1	0	0
r85	createDCtx@agc_decompressor_lib.cpp:184	1	0	0
r85	decompressDCtx@segment.cpp:269	18	258488	270162
r85	decompressDCtx@segment.cpp:306	18	55981	0
r85	freeDCtx@agc_decompressor_lib.cpp:290	1	0	0
r86	createDCtx@agc_decompressor_lib.cpp:184	1	0	0
r86	decompressDCtx@segment.cpp:269	17	241902	255204
r86	decompressDCtx@segment.cpp:306	17	56515	0
r86	freeDCtx@agc_decompressor_lib.cpp:290	1	0	0
r87	createDCtx@agc_decompressor_lib.cpp:184	1	0	0
r87	decompressDCtx@segment.cpp:269	18	259733	270163
r87	decompressDCtx@segment.cpp:306	18	40358	0
r87	freeDCtx@agc_decompressor_lib.cpp:290	1	0	0
r88	createDCtx@agc_decompressor_lib.cpp:184	1	0	0
r88	decompressDCtx@segment.cpp:269	18	260935	270166
r88	decompressDCtx@segment.cpp:306	18	88672	0
r88	freeDCtx@agc_decompressor_lib.cpp:290	1	0	0
r89	createDCtx@agc_decompressor_lib.cpp:184	1	0	0
r89	decompressDCtx@segment.cpp:269	18	260043	270180
r89	decompressDCtx@segment.cpp:306	18	47256	0
r89	freeDCtx@agc_decompressor_lib.cpp:290	1	0	0
r90	createDCtx@agc_decompressor_lib.cpp:184	1	0	0
r90	decompressDCtx@segment.cpp:269	16	258238	270187
r90	decompressDCtx@segment.cpp:306	15	42146	0
r90	freeDCtx@agc_decompressor_lib.cpp:290	1	0	0
r91	createDCtx@agc_decompressor_lib.cpp:184	1	0	0
r91	decompressDCtx@segment.cpp:269	18	257531	270240
r91	decompressDCtx@segment.cpp:306	18	61645	0
r91	freeDCtx@agc_decompressor_lib.cpp:290	1	0	0
r92	createDCtx@agc_decompressor_lib.cpp:184	1	0	0
r92	decompressDCtx@segment.cpp:269	16	259132	270161
r92	decompressDCtx@segment.cpp:306	16	48716	0
r92	freeDCtx@agc_decompressor_lib.cpp:290	1	0	0
r93	createDCtx@agc_decompressor_lib.cpp:184	1	0	0
r93	decompressDCtx@segment.cpp:269	18	258984	270168
r93	decompressDCtx@segment.cpp:306	18	46276	0
r93	freeDCtx@agc_decompressor_lib.cpp:290	1	0	0
r94	createDCtx@agc_decompressor_lib.cpp:184	1	0	0
r94	decompressDCtx@segment.cpp:269	18	260243	270183
r94	decompressDCtx@segment.cpp:306	18	33398	0
r94	freeDCtx@agc_decompressor_lib.cpp:290	1	0	0
r95	createDCtx@agc_decompressor_lib.cpp:184	1	0	0
r95	decompressDCtx@segment.cpp:269	18	262428	270162
r95	decompressDCtx@segment.cpp:306	18	39359	0
r95	freeDCtx@agc_decompressor_lib.cpp:290	1	0	0
r96	createDCtx@agc_decompressor_lib.cpp:184	1	0	0
r96	decompressDCtx@collection_v3.cpp:151	6	204005	316169
r96	decompressDCtx@segment.cpp:269	17	245182	255170
r96	decompressDCtx@segment.cpp:306	17	45638	0
r96	freeDCtx@agc_decompressor_lib.cpp:290	1	0	0
r97	createDCtx@agc_decompressor_lib.cpp:184	1	0	0
r97	decompressDCtx@collection_v3.cpp:151	6	3828757	15724876
r97	decompressDCtx@segment.cpp:269	18	259608	270219
r97	decompressDCtx@segment.cpp:306	18	53116	0
r97	freeDCtx@agc_decompressor_lib.cpp:290	1	0	0
r98	createDCtx@agc_decompressor_lib.cpp:184	1	0	0
r98	decompressDCtx@segment.cpp:269	18	260385	270192
r98	decompressDCtx@segment.cpp:306	18	58979	0
r98	freeDCtx@agc_decompressor_lib.cpp:290	1	0	0
r99	createDCtx@agc_decompressor_lib.cpp:184	1	0	0
r99	decompressDCtx@segment.cpp:269	14	47870	328343
r99	decompressDCtx@segment.cpp:306	11	227338	0
r99	freeDCtx@agc_decompressor_lib.cpp:290	1	0	0
