id	sample	contig	start	length	alloc_delete_calls	alloc_new_bytes	alloc_new_calls	batch_clear	conv_bytes	dc_assembled_bytes	dc_calls	dc_desc_scanned	dc_desc_segments	dc_fast_false	dc_returned_bytes	dc_seg_decoded	dc_seg_is_delta	dc_seg_is_group_ref	dc_seg_raw_len	dc_seg_revcomp	desc_batch_details_load	desc_batch_names_load	desc_calls	desc_contigs_scanned	desc_segments_copied	gcs_calls	lz_decode_calls	lz_delta_bytes	lz_out_bytes	lz_ref_bytes	seg_get_calls	seg_get_delta	seg_get_ref_only	zstd_calls	zstd_in	zstd_out	dctx_create
r0	r2_HG02129_pat_hprc_r2_v1.0.1	HG02129#1#CM085853.1	3119759	1000000	9926	120990619	173331	0	1000000	1080057	1	72	2286	1	1000000	18	18	0	1080584	11	1	1	1	6	2286	1	18	9586	1080584	1080565	18	18	0	42	3994567	15580971	7
r1	r2_HG02602_pat_hprc_r2_v1.0.1	HG02602#1#JBJUVK010000056.1	78555080	1000000	308	8396906	308	0	1000000	1080096	1	1299	1696	1	1000000	16	16	0	1080561	8	0	0	1	59	1696	1	16	9340	1080561	1080650	16	16	0	32	303458	270184	1
r2	r2_HG01496_pat_hprc_r2_v1.0.1	HG01496#1#CM086382.1	60721914	1000000	288	8466038	288	0	1000000	1080193	1	989	996	1	1000000	18	18	0	1080720	9	0	0	1	13	996	1	18	8250	1080720	1080675	18	18	0	36	312018	270194	1
r3	r2_NA18570_hap1_hprc_r2_v1.0.1	NA18570#1#CM087658.1	160334923	1000000	19041	112151193	18629	1	1000000	1079959	1	2684	3040	1	1000000	18	18	0	1080486	7	1	1	1	4	3040	1	18	8032	1080486	1080593	18	18	0	42	4045326	15700380	1
r4	y1_HG02630.1	HG02630#1#JAHAOQ010000147.1	2423141	1000000	43661	115887581	68467	1	1000000	1075934	1	60	63	1	1000000	18	18	0	1076461	7	1	1	1	147	63	1	18	8988	1076461	1080609	18	18	0	42	4138978	15995051	1
r5	y1_NA20129.1	NA20129#1#JAHEPE010000019.1	6235258	1000000	78252	116980654	88244	1	1000000	1023530	1	120	298	1	1000000	17	17	0	1024026	9	1	1	1	19	298	1	17	11076	1024026	1020587	17	17	0	40	4325843	16063159	1
r6	r2_HG02391_hap1_hprc_r2_v1.0.1	HG02391#1#CM087582.1	136249578	1000000	53434	111749867	18636	1	1000000	1020118	1	2267	4020	1	1000000	17	17	0	1020614	9	1	1	1	2	4020	1	17	9652	1020614	1020542	17	17	0	40	4032821	15685366	1
r7	y1_HG02818.1	HG02818#1#JAHEOS010000059.1	12507234	1000000	53484	116956893	88282	1	1000000	1020332	1	233	534	1	1000000	17	17	0	1020828	10	1	1	1	59	534	1	17	9582	1020828	1020896	17	17	0	40	4319723	16063236	1
r8	r2_HG01530_hap1_hprc_r2_v1.0.1	HG01530#1#CM087539.1	84757489	1000000	53459	112160308	18661	1	1000000	1075234	1	1425	2259	1	1000000	18	18	0	1075761	8	1	1	1	8	2259	1	18	8242	1075761	1080702	18	18	0	42	4044584	15700408	1
r9	y1_HG005.2	HG005#2#JAHEPN010000016.1	517639	1000000	53445	118041192	88243	1	1000000	1152389	1	26	878	1	1000000	18	18	0	1152916	6	1	1	1	16	878	1	18	6667	1152916	1213045	18	18	0	42	4386196	16111276	1
r10	r2_HG00099_hap1_hprc_r2_v1.0.1	HG00099#1#CM087321.1	104003192	1000000	53408	111933254	18610	1	1000000	1081381	1	1754	2244	1	1000000	18	18	0	1081908	9	1	1	1	5	2244	1	18	6363	1081908	1080576	18	18	0	42	4037139	15700376	1
r11	y1_HG01361.1	HG01361#1#JAGYYX010000060.1	12854222	1000000	43569	115746344	68375	1	1000000	1080459	1	235	790	1	1000000	18	17	1	1080986	10	1	1	1	60	790	1	17	6917	1020955	1020896	18	17	1	41	4131463	15995131	1
r12	r2_HG01106_pat_hprc_r2_v1.0.1	HG01106#1#JAHAMC020000003.1	13709631	1000000	43848	111425723	19454	1	1000000	1020456	1	326	2408	1	1000000	16	16	0	1020921	8	1	1	1	16	2408	1	16	9601	1020921	1080969	16	16	0	38	3961093	15581070	1
r13	y1_HG02723.2	HG02723#2#JAHEOT010000006.1	56687629	1000000	53851	117251528	88237	1	1000000	1075125	1	968	1216	1	1000000	18	18	0	1075652	8	1	1	1	6	1216	1	18	10232	1075652	1080638	18	18	0	42	4345390	16078173	1
r14	y1_HG02886.1	HG02886#1#JAHAOU010000095.1	10936300	1000000	78428	116285233	68436	1	1000000	1080420	1	198	283	1	1000000	18	18	0	1080947	8	1	1	1	95	283	1	18	12636	1080947	1080575	18	18	0	42	4155961	15995043	1
r15	r2_HG04184_pat_hprc_r2_v1.0.1	HG04184#1#CM086467.1	26773766	1000000	43620	114150666	19226	1	1000000	1451362	1	440	1047	1	1000000	1	1	0	1451362	1	1	1	1	12	1047	1	1	31118	1451362	1956533	1	1	0	8	3900936	15799942	1
r16	y1_HG01928.2	HG01928#2#JAGYVP010000004.1	11995374	1000000	43909	115766833	68303	1	1000000	1020297	1	218	400	1	1000000	17	17	0	1020793	9	1	1	1	4	400	1	17	9823	1020793	1020572	17	17	0	40	4128109	15980041	1
r17	y1_HG02717.1	HG02717#1#JAHAOS010000034.1	58567145	1000000	315	7865775	315	0	1000000	1079749	1	995	1311	1	1000000	18	18	0	1080276	8	0	0	1	34	1311	1	18	11198	1080276	1080606	18	18	0	36	307043	270174	1
r18	r2_HG04184_pat_hprc_r2_v1.0.1	HG04184#1#CM086462.1	90572722	1000000	43852	111903645	19458	1	1000000	1085559	1	1408	2238	1	1000000	19	19	0	1086117	9	1	1	1	7	2238	1	19	20424	1086117	1080588	19	19	0	44	3982090	15580979	1
r19	y1_HG02080.2	HG02080#2#JAHEOV010000231.1	1913785	1000000	54070	116933903	88456	1	1000000	1019238	1	49	131	1	1000000	17	17	0	1019734	10	1	1	1	231	131	1	17	13322	1019734	1021999	17	17	0	40	4323302	16063511	1
r20	y1_HG02559.1	HG02559#1#JAGYVK010000053.1	56050112	1000000	78381	116487077	68389	1	1000000	1200781	1	946	1191	1	1000000	19	18	1	1201339	10	1	1	1	53	1191	1	18	15701	1017222	1083448	19	18	1	43	4191247	16041795	1
r21	y1_HG01109.2	HG01109#2#JAHEOZ010000095.1	2825591	1000000	78315	116739689	88307	1	1000000	1020248	1	63	304	1	1000000	17	17	0	1020744	7	1	1	1	95	304	1	17	11930	1020744	1020533	17	17	0	40	4335926	16063145	1
r22	y1_HG02630.2	HG02630#2#JAHAOP010000009.1	32513273	1000000	78315	115760403	68323	1	1000000	1019086	1	560	661	1	1000000	17	17	0	1019582	9	1	1	1	9	661	1	17	11201	1019582	1020611	17	17	0	40	4125102	15980051	1
r23	r2_HG02976_hap1_hprc_r2_v1.0.1	HG02976#1#JBHDVW010000011.1	51449622	1000000	43483	112179756	18677	1	1000000	1079442	1	863	976	1	1000000	18	18	0	1079969	10	1	1	1	18	976	1	18	16535	1079969	1080690	18	18	0	42	4047592	15700405	1
r24	r2_HG02451_pat_hprc_r2_v1.0.1	HG02451#1#JBHDRJ010000065.1	7305794	1000000	19105	111332106	19517	1	1000000	1080046	1	138	658	1	1000000	18	18	0	1080573	8	1	1	1	65	658	1	18	6363	1080573	1080689	18	18	0	42	3955251	15581003	1
r25	r2_HG00408_pat_hprc_r2_v1.0.1	HG00408#1#JBHDVK010000001.1	59384628	1000000	53844	116845411	88230	1	1000000	1019901	1	1075	1792	1	1000000	17	17	0	1020397	6	1	1	1	13	1792	1	17	8654	1020397	1020527	17	17	0	40	4325223	16063143	1
r26	r2_HG02647_pat_hprc_r2_v1.0.1	HG02647#1#CM086564.1	66407047	1000000	53875	111508559	19489	1	1000000	1078319	1	1136	2251	1	1000000	18	18	0	1078846	9	1	1	1	11	2251	1	18	10089	1078846	1080593	18	18	0	42	3961190	15580979	1
r27	r2_HG02391_hap1_hprc_r2_v1.0.1	HG02391#1#CM087581.1	208532944	1000000	19037	111680973	18625	1	1000000	1016949	1	3483	4117	1	1000000	17	17	0	1017445	8	1	1	1	1	4117	1	17	9353	1017445	1020700	17	17	0	40	4034580	15685406	1
r28	y1_HG02622.1	HG02622#1#JAHAOO010000029.1	23207224	1000000	43545	116105796	68351	1	1000000	1080533	1	405	1698	1	1000000	19	18	1	1081091	9	1	1	1	29	1698	1	18	12807	1078435	1078406	19	18	1	43	4148506	15995168	1
r29	r2_HG03195_hap1_hprc_r2_v1.0.1	HG03195#1#CM087058.1	207325053	1000000	43458	112889184	18652	1	1000000	1086616	1	3469	4036	1	1000000	17	17	0	1087112	7	1	1	1	2	4036	1	17	20175	1087112	1140899	17	17	0	40	4060729	15715456	1
r30	r2_HG02451_pat_hprc_r2_v1.0.1	HG02451#1#JBHDRJ010000002.1	57239203	1000000	19053	110999349	19465	1	1000000	1020185	1	975	1743	1	1000000	17	17	0	1020681	10	1	1	1	11	1743	1	17	10059	1020681	1020605	17	17	0	40	3953517	15565980	1
r31	y1_HG02630.1	HG02630#1#JAHAOQ010000033.1	48476901	1000000	43945	115893891	68339	1	1000000	1022791	1	822	1211	1	1000000	17	17	0	1023287	10	1	1	1	33	1211	1	17	11739	1023287	1020559	17	17	0	40	4128669	15980037	1
r32	y1_HG00621.2	HG00621#2#JAHBCC010000084.1	11426896	1000000	338	8241646	338	0	1000000	1080207	1	209	284	1	1000000	18	18	0	1080734	10	0	0	1	84	284	1	18	7173	1080734	1080558	18	18	0	36	313361	270162	1
r33	r2_HG01993_pat_hprc_r2_v1.0.1	HG01993#1#CM086494.1	42013336	1000000	43819	111070606	19425	1	1000000	1080100	1	709	3228	1	1000000	18	18	0	1080627	9	1	1	1	3	3228	1	18	5101	1080627	1080597	18	18	0	42	3965016	15580980	1
r34	y1_HG01361.1	HG01361#1#JAGYYX010000057.1	7615665	1000000	43998	116404198	68392	1	1000000	1076209	1	146	926	1	1000000	18	18	0	1076736	9	1	1	1	57	926	1	18	14002	1076736	1080589	18	18	0	42	4157074	15995046	1
r35	r2_HG02738_pat_hprc_r2_v1.0.1	HG02738#1#CM099920.1	177932274	1000000	43843	111373284	19449	1	1000000	1079024	1	2963	3039	1	1000000	20	20	0	1079613	12	1	1	1	3	3039	1	20	6146	1079613	1118335	20	20	0	46	3980857	15590419	1
r36	y1_HG01952.2	HG01952#2#JAHAMD010000026.1	101223964	1000000	43933	116226137	68327	1	1000000	1080416	1	1713	1862	1	1000000	18	18	0	1080943	10	1	1	1	26	1862	1	18	9925	1080943	1080572	18	18	0	42	4141022	15995042	1
r37	y1_HG02109.1	HG02109#1#JAHEPG010000062.1	4512297	1000000	78294	116827246	88286	1	1000000	1019970	1	94	697	1	1000000	17	17	0	1020466	7	1	1	1	62	697	1	17	14013	1020466	1020541	17	17	0	40	4343705	16063147	1
r38	r2_HG04184_pat_hprc_r2_v1.0.1	HG04184#1#JBHDSH010000004.1	8083454	1000000	53874	111618018	19488	1	1000000	1075613	1	156	839	1	1000000	18	18	0	1076140	8	1	1	1	13	839	1	18	14804	1076140	1080876	18	18	0	42	3991487	15581050	1
r39	r2_HG02300_pat_hprc_r2_v1.0.1	HG02300#1#JBHDSD010000020.1	22654802	1000000	299	8148721	299	0	1000000	1078530	1	368	731	1	1000000	18	18	0	1079057	7	0	0	1	24	731	1	18	7643	1079057	1080595	18	18	0	36	302852	270172	1
r40	r2_NA19043_hap1_hprc_r2_v1.0.1	NA19043#1#CM087053.1	34337644	1000000	19062	111887076	18650	1	1000000	1080122	1	571	1372	1	1000000	18	18	0	1080649	8	1	1	1	10	1372	1	18	8314	1080649	1080589	18	18	0	42	4047450	15700380	1
r41	r2_HG01255_pat_hprc_r2_v1.0.1	HG01255#1#CM086703.1	217478719	1000000	19016	110910761	19428	1	1000000	1019143	1	3617	4007	1	1000000	17	17	0	1019639	11	1	1	1	2	4007	1	17	6428	1019639	1020662	17	17	0	40	3946681	15565995	1
r42	r2_HG01258_pat_hprc_r2_v1.0.1	HG01258#1#CM088120.1	38305557	1000000	284	8171798	284	0	1000000	1080511	1	644	1368	1	1000000	18	18	0	1081038	10	0	0	1	12	1368	1	18	9408	1081038	1080635	18	18	0	36	302016	270182	1
r43	r2_HG02965_hap1_hprc_r2_v1.0.1	HG02965#1#JBHDWQ010000059.1	19084303	1000000	19128	111726763	18716	1	1000000	1080742	1	333	1522	1	1000000	18	18	0	1081269	10	1	1	1	61	1522	1	18	12225	1081269	1081277	18	18	0	42	4036591	15700551	1
r44	y1_NA20129.1	NA20129#1#JAHEPE010000014.1	4244813	1000000	53416	116404223	88214	1	1000000	1019890	1	90	285	1	1000000	17	17	0	1020386	10	1	1	1	14	285	1	17	5908	1020386	1020665	17	17	0	40	4319104	16063178	1
r45	r2_HG02027_pat_hprc_r2_v1.0.1	HG02027#1#CM086983.1	27315908	1000000	53852	111393461	19466	1	1000000	1079051	1	451	1333	1	1000000	18	18	0	1079578	8	1	1	1	9	1333	1	18	9352	1079578	1080592	18	18	0	42	3964902	15580979	1
r46	r2_NA18747_hap1_hprc_r2_v1.0.1	NA18747#1#JBHDWE010000013.1	37851344	1000000	19043	111565379	18631	1	1000000	1025857	1	657	1533	1	1000000	17	17	0	1026353	10	1	1	1	16	1533	1	17	8614	1026353	1020527	17	17	0	40	4025568	15685362	1
r47	y1_HG01106.1	HG01106#1#JAHAMC010000001.1	6968706	1000000	43510	115990138	68316	1	1000000	1082663	1	137	1533	1	1000000	18	18	0	1083190	9	1	1	1	1	1533	1	18	10138	1083190	1080592	18	18	0	42	4151491	15995048	1
r48	y1_HG03516.1	HG03516#1#JAGYYT010000076.1	1622401	1000000	78331	117393277	88323	1	1000000	1081788	1	46	140	1	1000000	18	18	0	1082315	9	1	1	1	76	140	1	18	17672	1082315	1080710	18	18	0	42	4372417	16078191	1
r49	y1_HG03579.1	HG03579#1#JAGYVU010000037.1	20076744	1000000	308	8612600	308	0	1000000	1086274	1	350	473	1	1000000	16	16	0	1086739	7	0	0	1	37	473	1	16	15120	1086739	1080497	16	16	0	32	315805	270145	1
r50	r2_HG03742_hap1_hprc_r2_v1.0.1	HG03742#1#CM087631.1	16853472	1000000	53455	112176825	18657	1	1000000	1080098	1	298	2273	1	1000000	18	18	0	1080625	12	1	1	1	8	2273	1	18	12042	1080625	1080783	18	18	0	42	4064084	15700428	1
r51	r2_HG03704_pat_hprc_r2_v1.0.1	HG03704#1#CM086219.1	73392951	1000000	19045	111556317	19457	1	1000000	1079546	1	1196	1372	1	1000000	18	18	0	1080073	9	1	1	1	9	1372	1	18	8098	1080073	1080729	18	18	0	42	3977711	15581013	1
r52	r2_HG02391_hap1_hprc_r2_v1.0.1	HG02391#1#CM087589.1	112130712	1000000	19067	112036261	18655	1	1000000	1081413	1	1871	2210	1	1000000	18	18	0	1081940	11	1	1	1	9	2210	1	18	8808	1081940	1080625	18	18	0	42	4034511	15700389	1
r53	r2_HG03471_hap1_hprc_r2_v1.0.1	HG03471#1#CM087521.1	175210619	1000000	296	8090239	296	0	1000000	1024882	1	2890	3142	1	1000000	17	17	0	1025378	9	0	0	1	2	3142	1	17	17155	1025378	1020527	17	17	0	34	294607	255153	1
r54	r2_NA19043_hap1_hprc_r2_v1.0.1	NA19043#1#CM087046.1	22740837	1000000	288	8177294	288	0	1000000	1020398	1	439	2898	1	1000000	17	17	0	1020894	7	0	0	1	3	2898	1	17	11870	1020894	1020588	17	17	0	34	299638	255169	1
r55	y1_HG03486.2	HG03486#2#JAHEOP010000009.1	26459509	1000000	53436	116922205	88234	1	1000000	1023078	1	458	758	1	1000000	17	17	0	1023574	9	1	1	1	9	758	1	17	11971	1023574	1020620	17	17	0	40	4319218	16063167	1
r56	r2_HG00597_pat_hprc_r2_v1.0.1	HG00597#1#CM085778.1	61166471	1000000	318	23376738	318	0	1000000	1730229	1	1011	2569	1	1000000	17	17	0	1730725	12	0	0	1	13	2569	1	17	239108	1730725	1143871	17	17	0	34	328219	285997	1
r57	y1_HG00673.1	HG00673#1#JAHBBZ010000132.1	5782169	1000000	78371	114939402	68379	1	1000000	1020274	1	115	146	1	1000000	17	17	0	1020770	7	1	1	1	132	146	1	17	1067	1020770	1020575	17	17	0	40	4092566	15980042	1
r58	r2_HG00609_pat_hprc_r2_v1.0.1	HG00609#1#CM086350.1	110378039	1000000	43841	111139035	19447	1	1000000	1013157	1	1839	3045	1	1000000	17	17	0	1013653	7	1	1	1	5	3045	1	17	12188	1013653	1020527	17	17	0	40	3954444	15565960	1
r59	r2_HG02622_pat_hprc_r2_v1.0.1	HG02622#1#CM088074.1	119683656	1000000	19038	111522807	18626	1	1000000	1019349	1	1966	3029	1	1000000	17	17	0	1019845	9	1	1	1	2	3029	1	17	9116	1019845	1020678	17	17	0	40	4035478	15685401	1
r60	y1_HG02109.1	HG02109#1#JAHEPG010000082.1	967519	1000000	53517	117211746	88315	1	1000000	1079794	1	35	231	1	1000000	18	18	0	1080321	9	1	1	1	82	231	1	18	12071	1080321	1080728	18	18	0	42	4353206	16078195	1
r61	r2_HG02148_pat_hprc_r2_v1.0.1	HG02148#1#JAHAMG020000061.1	88599328	1000000	53506	112341109	18708	1	1000000	1079104	1	1466	2333	1	1000000	18	18	0	1079631	9	1	1	1	62	2333	1	18	11759	1079631	1080559	18	18	0	42	4047404	15700372	1
r62	r2_HG02451_pat_hprc_r2_v1.0.1	HG02451#1#CM086201.1	113782736	1000000	19070	111418197	19482	1	1000000	1079994	1	1888	3021	1	1000000	18	18	0	1080521	7	1	1	1	1	3021	1	18	11192	1080521	1080654	18	18	0	42	3970966	15580994	1
r63	y1_HG01106.1	HG01106#1#JAHAMC010000011.1	34368328	1000000	43922	116017867	68316	1	1000000	1080859	1	590	1698	1	1000000	18	18	0	1081386	12	1	1	1	11	1698	1	18	7186	1081386	1080815	18	18	0	42	4127553	15995104	1
r64	r2_HG01252_pat_hprc_r2_v1.0.1	HG01252#1#CM088825.1	130259683	1000000	43463	112005029	18657	1	1000000	1079795	1	2185	2662	1	1000000	18	18	0	1080322	8	1	1	1	4	2662	1	18	13654	1080322	1080657	18	18	0	42	4047685	15700396	1
r65	y1_HG01358.2	HG01358#2#JAGYZA010000040.1	12484934	1000000	43524	115860513	68330	1	1000000	1080656	1	225	728	1	1000000	18	18	0	1081183	8	1	1	1	40	728	1	18	7395	1081183	1081666	18	18	0	42	4145521	15995316	1
r66	r2_HG02965_hap1_hprc_r2_v1.0.1	HG02965#1#JBHDWQ010000061.1	30751440	1000000	43485	111795260	18679	1	1000000	1080945	1	567	729	1	1000000	18	18	0	1081472	8	1	1	1	62	729	1	18	6512	1081472	1080870	18	18	0	42	4032502	15700450	1
r67	r2_HG01123_pat_hprc_r2_v1.0.1	HG01123#1#CM089083.1	69469614	1000000	289	8322921	289	0	1000000	1079979	1	1287	2964	1	1000000	18	18	0	1080506	9	0	0	1	3	2964	1	18	7300	1080506	1080576	18	18	0	36	306124	270167	1
r68	y1_HG02818.1	HG02818#1#JAHEOS010000036.1	12378477	1000000	53469	116502183	88267	1	1000000	1017448	1	227	519	1	1000000	17	17	0	1017944	9	1	1	1	36	519	1	17	11864	1017944	1020525	17	17	0	40	4325877	16063144	1
r69	r2_HG01530_hap1_hprc_r2_v1.0.1	HG01530#1#CM087537.1	119349541	1000000	53412	111673921	18614	1	1000000	1019688	1	2033	2475	1	1000000	17	17	0	1020184	10	1	1	1	6	2475	1	17	5141	1020184	1020527	17	17	0	40	4027893	15685362	1
r70	y1_HG02486.2	HG02486#2#JAGYVL010000072.1	5690695	1000000	43574	116006763	68380	1	1000000	1080253	1	109	119	1	1000000	18	18	0	1080780	7	1	1	1	72	119	1	18	6873	1080780	1080637	18	18	0	42	4134087	15995059	1
r71	r2_HG02486_pat_hprc_r2_v1.0.1	HG02486#1#CM088195.1	98246549	1000000	43442	111745821	18636	1	1000000	1080008	1	1773	2981	1	1000000	18	18	0	1080535	8	1	1	1	4	2981	1	18	7980	1080535	1080587	18	18	0	42	4027772	15700379	1
r72	y1_HG02080.1	HG02080#1#JAHEOW010000200.1	939373	1000000	53593	116731272	88391	1	1000000	1020261	1	34	71	1	1000000	17	17	0	1020757	8	1	1	1	200	71	1	17	7646	1020757	1020538	17	17	0	40	4332288	16063146	1
r73	r2_HG03742_hap1_hprc_r2_v1.0.1	HG03742#1#JBHDXL010000001.1	2273975	1000000	53520	119704188	18722	1	1000000	1505627	1	55	2011	1	1000000	19	19	0	1506185	17	1	1	1	18	2011	1	19	868672	1506185	602894	19	19	0	44	3971010	15580963	1
r74	y1_HG03516.1	HG03516#1#JAGYYT010000040.1	194057	1000000	53447	117191868	88245	1	1000000	1023990	1	19	255	1	1000000	17	17	0	1024486	8	1	1	1	40	255	1	17	13795	1024486	1022649	17	17	0	40	4367814	16063676	1
r75	y1_NA19240.1	NA19240#1#JAHEOM010000051.1	22063312	1000000	332	7883506	332	0	1000000	1021479	1	385	612	1	1000000	17	17	0	1021975	9	0	0	1	51	612	1	17	11716	1021975	1020829	17	17	0	34	305548	255229	1
r76	r2_HG01099_pat_hprc_r2_v1.0.1	HG01099#1#CM086257.1	204623679	1000000	53826	111272395	19440	1	1000000	1020315	1	3404	4015	1	1000000	17	17	0	1020811	7	1	1	1	2	4015	1	17	8308	1020811	1020570	17	17	0	40	3948669	15565971	1
r77	r2_HG01261_pat_hprc_r2_v1.0.1	HG01261#1#CM085910.1	16987449	1000000	53821	117177429	88207	1	1000000	1080282	1	295	2294	1	1000000	18	18	0	1080809	8	1	1	1	5	2294	1	18	6349	1080809	1080629	18	18	0	42	4338105	16078171	1
r78	y1_HG01891.1	HG01891#1#JAGYVO010000020.1	22901493	1000000	78301	137013633	68309	1	1000000	1065801	1	394	880	1	1000000	14	11	3	1066204	9	1	1	1	20	880	1	11	221290	920117	1361618	14	11	3	31	4372755	16101827	1
r79	r2_HG00323_hap1_hprc_r2_v1.0.1	HG00323#1#JBHDWM010000005.1	12779881	1000000	43448	111811335	18642	1	1000000	1019385	1	308	1738	1	1000000	17	17	0	1019881	9	1	1	1	16	1738	1	17	8166	1019881	1020565	17	17	0	40	4034159	15685372	1
r80	y1_HG00673.1	HG00673#1#JAHBBZ010000127.1	10046025	1000000	43627	115882630	68433	1	1000000	1080007	1	187	196	1	1000000	18	18	0	1080534	13	1	1	1	127	196	1	18	9595	1080534	1080558	18	18	0	42	4132532	15995038	1
r81	r2_HG03195_hap1_hprc_r2_v1.0.1	HG03195#1#JBHDVU010000010.1	114039622	1000000	43464	112070180	18658	1	1000000	1079527	1	1938	2263	1	1000000	18	18	0	1080054	7	1	1	1	17	2263	1	18	11084	1080054	1080558	18	18	0	42	4048083	15700371	1
r82	y1_HG00733.2	HG00733#2#JAHEPP010000020.1	13997582	1000000	53430	116866844	88228	1	1000000	1080182	1	251	332	1	1000000	18	18	0	1080709	8	1	1	1	20	332	1	18	6206	1080709	1080713	18	18	0	42	4328829	16078193	1
r83	r2_NA18971_hap1_hprc_r2_v1.0.1	NA18971#1#CM087296.1	59809992	1000000	53405	111545085	18607	1	1000000	1020080	1	1077	2322	1	1000000	17	17	0	1020576	10	1	1	1	5	2322	1	17	6017	1020576	1020555	17	17	0	40	4017716	15685370	1
r84	r2_HG02647_pat_hprc_r2_v1.0.1	HG02647#1#CM086555.1	14456232	1000000	19062	111603841	19474	1	1000000	1079878	1	259	4014	1	1000000	18	18	0	1080405	8	1	1	1	2	4014	1	18	9924	1080405	1080862	18	18	0	42	3966096	15581047	1
r85	y1_HG02559.1	HG02559#1#JAGYVK010000006.1	40298640	1000000	43922	115866677	68316	1	1000000	1079825	1	703	1857	1	1000000	18	18	0	1080352	10	1	1	1	6	1857	1	18	8022	1080352	1080585	18	18	0	42	4125138	15995045	1
r86	r2_NA19185_hap1_hprc_r2_v1.0.1	NA19185#1#CM087726.1	18959868	1000000	43447	111719358	18641	1	1000000	1020576	1	336	2480	1	1000000	17	17	0	1021072	7	1	1	1	8	2480	1	17	12736	1021072	1020552	17	17	0	40	4038444	15685369	1
r87	y1_HG03453.2	HG03453#2#JAGYVV010000199.1	911430	1000000	53637	117081096	88435	1	1000000	1083741	1	34	189	1	1000000	18	18	0	1084268	8	1	1	1	199	189	1	18	15106	1084268	1081099	18	18	0	42	4358680	16078288	1
r88	y1_HG01978.1	HG01978#1#JAGYVS010000021.1	76749388	1000000	78282	115641704	68290	1	1000000	1080263	1	1303	1815	1	1000000	18	17	1	1080790	10	1	1	1	21	1815	1	17	2170	1020759	1020726	18	17	1	41	4120938	15995089	1
r89	r2_HG00741_pat_hprc_r2_v1.0.1	HG00741#1#CM087896.1	7271375	1000000	43857	111806873	19463	1	1000000	1080039	1	136	4619	1	1000000	18	18	0	1080566	8	1	1	1	1	4619	1	18	9830	1080566	1080708	18	18	0	42	3971487	15581009	1
r90	y1_HG03453.1	HG03453#1#JAGYVW010000064.1	15085444	1000000	53909	116696660	88295	1	1000000	1021116	1	268	517	1	1000000	17	17	0	1021612	9	1	1	1	64	517	1	17	9794	1021612	1021375	17	17	0	40	4314819	16063356	1
r91	r2_HG01993_pat_hprc_r2_v1.0.1	HG01993#1#CM086494.1	89580280	1000000	53854	111662847	19468	1	1000000	1079692	1	1525	3228	1	1000000	18	18	0	1080219	6	1	1	1	3	3228	1	18	21210	1080219	1080635	18	18	0	42	3970901	15580990	1
r92	r2_HG01433_pat_hprc_r2_v1.0.1	HG01433#1#CM086491.1	10001937	1000000	288	8388828	288	0	1000000	1037233	1	143	886	1	1000000	16	16	0	1037698	8	0	0	1	11	886	1	16	28110	1037698	967919	16	16	0	32	264701	467057	1
r93	r2_HG00642_pat_hprc_r2_v1.0.1	HG00642#1#JBHDST010000011.1	36717689	1000000	278	8268884	278	0	1000000	1077996	1	571	763	1	1000000	18	18	0	1078523	10	0	0	1	17	763	1	18	8017	1078523	1080839	18	18	0	36	314912	270236	1
r94	y1_HG01109.2	HG01109#2#JAHEOZ010000053.1	40932312	1000000	53880	117080884	88266	1	1000000	1079928	1	696	874	1	1000000	18	18	0	1080455	8	1	1	1	53	874	1	18	9796	1080455	1080594	18	18	0	42	4354249	16078162	1
r95	r2_HG03130_hap1_hprc_r2_v1.0.1	HG03130#1#JBHDWI010000053.1	2818095	1000000	53515	117757645	18717	1	1000000	1095860	1	60	422	1	1000000	19	19	0	1096418	10	1	1	1	54	422	1	19	232653	1096418	1000630	19	19	0	44	3909245	16430839	1
r96	y1_HG02486.2	HG02486#2#JAGYVL010000013.1	4909907	1000000	43539	116049909	68345	1	1000000	1079446	1	96	1688	1	1000000	18	18	0	1079973	11	1	1	1	13	1688	1	18	11914	1079973	1080638	18	18	0	42	4135432	15995059	1
r97	r2_HG03453_pat_hprc_r2_v1.0.1	HG03453#1#CM088022.1	119408514	1000000	43453	111965497	18647	1	1000000	1081538	1	2016	2587	1	1000000	18	18	0	1082065	8	1	1	1	13	2587	1	18	11414	1082065	1081178	18	18	0	42	4029426	15700527	1
r98	y1_HG01928.2	HG01928#2#JAGYVP010000080.1	21002222	1000000	43584	116270204	68390	1	1000000	1081248	1	368	733	1	1000000	18	18	0	1081775	10	1	1	1	80	733	1	18	13396	1081775	1080573	18	18	0	42	4140563	15995042	1
r99	y1_HG01891.1	HG01891#1#JAGYVO010000005.1	37946161	1000000	262	7885793	262	0	1000000	1019775	1	628	1811	1	1000000	17	17	0	1020271	9	0	0	1	5	1811	1	17	5789	1020271	1020529	17	17	0	34	291989	255154	1
