archive	blocks	events	breaks	break_bytes	block_start_bytes	payload_bytes	file_bytes	hash_bytes	cont_events	cont_bytes
y1_HG00438.1.q16k.rr3	184639	4639087	4454266	11512582	340222	12315791	14178830	1477112	7972	25517
y1_HG00438.2.q16k.rr3	185287	4590181	4404800	11103036	344979	11912605	13783523	1482296	8149	26005
y1_HG00621.1.q16k.rr3	177366	4521402	4343861	11177531	331667	11953874	13747486	1418928	7705	24597
y1_HG00621.2.q16k.rr3	184511	4466952	4282400	10724139	344573	11531613	13390703	1476088	7987	25531
y1_HG00673.1.q16k.rr3	178572	4466500	4287891	10988513	328661	11765061	13574502	1428576	7630	24486
y1_HG00673.2.q16k.rr3	186377	4639546	4453041	11451676	346465	12265768	14148818	1491016	8017	25695
y1_HG00735.1.q16k.rr3	185153	4467487	4282288	10931417	341186	11737605	13601956	1481224	7626	24414
y1_HG00735.2.q16k.rr3	185413	4466081	4280606	10946127	343027	11754554	13619847	1483304	7688	24565
y1_HG00741.1.q16k.rr3	184930	4492519	4307501	11128314	346183	11939058	13800497	1479440	7470	23995
y1_HG00741.2.q16k.rr3	185346	4516177	4330797	11232464	343908	12041882	13907345	1482768	7526	24131
y1_HG01071.1.q16k.rr3	186599	4557514	4370863	11189218	344862	12002639	13885456	1492792	7619	24431
y1_HG01071.2.q16k.rr3	183882	4347678	4163769	10549685	343389	11354887	13201512	1471056	7716	24634
y1_HG01106.1.q16k.rr3	178651	4409641	4230891	10836539	333780	11619091	13425541	1429208	7412	23696
y1_HG01106.2.q16k.rr3	185294	4409981	4224653	10810104	337703	11613144	13475699	1482352	7584	24264
y1_HG01123.1.q16k.rr3	183973	4360075	4176016	10678156	346647	11486928	13334904	1471784	7370	23597
y1_HG01123.2.q16k.rr3	183889	4331451	4147482	10588426	340711	11391068	13236117	1471112	7386	23671
y1_HG01175.1.q16k.rr3	184939	4583809	4398826	11479387	343533	12287658	14150574	1479512	7623	24404
y1_HG01175.2.q16k.rr3	184982	4422089	4236978	10869872	347217	11681740	13543934	1479856	7528	24169
y1_HG01258.1.q16k.rr3	177929	4270795	4092831	10579297	330030	11356357	13146004	1423432	7240	23205
y1_HG01258.2.q16k.rr3	185085	4520704	4335545	11319932	344314	12129043	13992080	1480680	7484	24051
y1_HG01358.1.q16k.rr3	178989	4388129	4209097	10827563	337949	11614617	13422854	1431912	7258	23246
y1_HG01358.2.q16k.rr3	184912	4420135	4235151	10906711	343115	11714133	13572019	1479296	7507	24066
y1_HG01361.1.q16k.rr3	183720	4352536	4168543	10665240	346014	11472614	13317016	1469760	7427	23701
y1_HG01361.2.q16k.rr3	184651	4359865	4175181	10700294	340103	11504231	13357821	1477208	7403	23686
y1_HG01891.1.q16k.rr3	185745	5546905	5361004	13895342	338847	14699195	16594656	1485960	9304	29635
y1_HG01891.2.q16k.rr3	184507	5530245	5345671	13464583	333446	14259803	16142630	1476056	9403	29853
y1_HG01928.1.q16k.rr3	178410	4296798	4118230	10435175	330003	11212504	13011722	1427280	7416	23744
y1_HG01928.2.q16k.rr3	184691	4355427	4170691	10522364	340865	11326734	13185927	1477528	7692	24595
y1_HG01952.1.q16k.rr3	177812	4352075	4174108	10560390	329490	11336375	13132062	1422496	7581	24230
y1_HG01952.2.q16k.rr3	184361	4514215	4329782	11035036	341611	11839434	13695010	1474888	7700	24609
y1_HG01978.1.q16k.rr3	186467	4693668	4507133	11766383	345343	12579656	14462619	1491736	7735	24845
y1_HG01978.2.q16k.rr3	186272	4661458	4475101	11781143	348743	12597221	14476486	1490176	7712	24758
y1_HG02148.1.q16k.rr3	184698	4385944	4201187	10615283	338194	11416680	13278092	1477584	7671	24546
y1_HG02148.2.q16k.rr3	185312	4325176	4139793	10366157	338352	11169317	13034377	1482496	7736	24721
y1_HG02257.1.q16k.rr3	185700	5683823	5497943	14197143	332993	14995452	16892836	1485600	9337	29717
y1_HG02257.2.q16k.rr3	185002	5332253	5147150	13083960	330943	13878299	15761199	1480016	8953	28466
y1_HG02486.1.q16k.rr3	178891	5472095	5293073	13602114	324268	14374685	16205798	1431128	8939	28451
y1_HG02486.2.q16k.rr3	184977	5234013	5048994	12816985	330601	13610866	15493730	1479816	8884	28320
y1_HG02559.1.q16k.rr3	184580	5485282	5300594	13471503	328488	14262228	16144260	1476640	9444	30030
y1_HG02559.2.q16k.rr3	185580	5457371	5271681	13375966	331067	14171684	16064209	1484640	9115	28993
y1_HG02572.1.q16k.rr3	179665	5591755	5412029	13873129	321377	14644477	16492811	1437320	9102	28941
y1_HG02572.2.q16k.rr3	186486	5745793	5559122	14192409	334753	14994247	16906412	1491888	9657	30646
y1_HG02622.1.q16k.rr3	185756	5622658	5436786	13871134	334835	14671178	16570179	1486048	9483	30099
y1_HG02622.2.q16k.rr3	185920	5606284	5420305	13829631	333220	14628651	16528865	1487360	9281	29436
y1_HG02630.1.q16k.rr3	186362	5777428	5590937	14327977	340928	15135514	17046995	1490896	9365	29684
y1_HG02630.2.q16k.rr3	185662	5659075	5473367	13982175	334775	14782021	16681302	1485296	9564	30308
y1_HG02717.1.q16k.rr3	179816	5571355	5391496	13734462	323625	14508310	16356052	1438528	9003	28547
y1_HG02717.2.q16k.rr3	185445	5680837	5495337	14093624	331358	14889240	16786215	1483560	9319	29595
y1_HG02886.1.q16k.rr3	185984	5597372	5411224	13781086	336363	14583181	16485245	1487872	9377	29640
y1_HG02886.2.q16k.rr3	186105	5606634	5420395	13822734	332650	14621622	16524724	1488840	9346	29614
