# order, DOS mtime (UTC) and mode of every entry of refrel3_cleanroom_v1.zip (zip -X keeps them; needed to rebuild the same bytes)
refrel3_cleanroom_v1/	2026-10-06 23:29:52	775
refrel3_cleanroom_v1/corrupt/	2026-10-06 23:35:30	775
refrel3_cleanroom_v1/corrupt/header_byte.rr3	2026-10-06 23:29:22	664
refrel3_cleanroom_v1/corrupt/block_hash_byte.rr3	2026-10-06 23:35:08	664
refrel3_cleanroom_v1/corrupt/valid_for_wrong_reference.rr3	2026-10-06 23:29:22	664
refrel3_cleanroom_v1/corrupt/blocks_swapped.rr3	2026-10-06 23:35:30	664
refrel3_cleanroom_v1/corrupt/fasta_xxh3_field.rr3	2026-10-06 23:35:08	664
refrel3_cleanroom_v1/corrupt/truncated.rr3	2026-10-06 23:29:22	664
refrel3_cleanroom_v1/corrupt/block_with_hash.rr3	2026-10-06 23:29:22	664
refrel3_cleanroom_v1/fetch/	2026-10-06 23:29:22	775
refrel3_cleanroom_v1/fetch/asmE.q16k.nohash.rr3.fetch.tsv	2026-10-06 23:29:22	664
refrel3_cleanroom_v1/fetch/asmB.q16k.hash.rr3.fetch.tsv	2026-10-06 23:29:22	664
refrel3_cleanroom_v1/fetch/asmD.q4k.nohash.rr3.fetch.tsv	2026-10-06 23:29:22	664
refrel3_cleanroom_v1/fetch/asmE.q4k.hash.rr3.fetch.tsv	2026-10-06 23:29:22	664
refrel3_cleanroom_v1/fetch/asmF.q4k.nohash.rr3.fetch.tsv	2026-10-06 23:29:22	664
refrel3_cleanroom_v1/fetch/asmD.q4k.hash.rr3.fetch.tsv	2026-10-06 23:29:22	664
refrel3_cleanroom_v1/fetch/asmA.q16k.hash.rr3.fetch.tsv	2026-10-06 23:29:22	664
refrel3_cleanroom_v1/fetch/asmB.q4k.hash.rr3.fetch.tsv	2026-10-06 23:29:22	664
refrel3_cleanroom_v1/fetch/asmD.q16k.nohash.rr3.fetch.tsv	2026-10-06 23:29:22	664
refrel3_cleanroom_v1/fetch/asmA.q4k.hash.rr3.fetch.tsv	2026-10-06 23:29:22	664
refrel3_cleanroom_v1/fetch/asmB.q16k.nohash.rr3.fetch.tsv	2026-10-06 23:29:22	664
refrel3_cleanroom_v1/fetch/asmE.q16k.hash.rr3.fetch.tsv	2026-10-06 23:29:22	664
refrel3_cleanroom_v1/fetch/asmC.q4k.nohash.rr3.fetch.tsv	2026-10-06 23:29:22	664
refrel3_cleanroom_v1/fetch/asmA.q4k.nohash.rr3.fetch.tsv	2026-10-06 23:29:22	664
refrel3_cleanroom_v1/fetch/asmF.q16k.nohash.rr3.fetch.tsv	2026-10-06 23:29:22	664
refrel3_cleanroom_v1/fetch/asmD.q16k.hash.rr3.fetch.tsv	2026-10-06 23:29:22	664
refrel3_cleanroom_v1/fetch/asmC.q4k.hash.rr3.fetch.tsv	2026-10-06 23:29:22	664
refrel3_cleanroom_v1/fetch/asmE.q4k.nohash.rr3.fetch.tsv	2026-10-06 23:29:22	664
refrel3_cleanroom_v1/fetch/asmB.q4k.nohash.rr3.fetch.tsv	2026-10-06 23:29:22	664
refrel3_cleanroom_v1/fetch/asmC.q16k.hash.rr3.fetch.tsv	2026-10-06 23:29:22	664
refrel3_cleanroom_v1/fetch/asmC.q16k.nohash.rr3.fetch.tsv	2026-10-06 23:29:22	664
refrel3_cleanroom_v1/fetch/asmF.q4k.hash.rr3.fetch.tsv	2026-10-06 23:29:22	664
refrel3_cleanroom_v1/fetch/asmF.q16k.hash.rr3.fetch.tsv	2026-10-06 23:29:22	664
refrel3_cleanroom_v1/fetch/asmA.q16k.nohash.rr3.fetch.tsv	2026-10-06 23:29:22	664
refrel3_cleanroom_v1/README_TASK.md	2026-10-06 23:35:38	664
refrel3_cleanroom_v1/EXPECTED.json	2026-10-06 23:35:30	664
refrel3_cleanroom_v1/archives/	2026-10-06 23:29:22	775
refrel3_cleanroom_v1/archives/asmC.q16k.nohash.rr3	2026-10-06 23:29:22	664
refrel3_cleanroom_v1/archives/asmC.q4k.nohash.rr3	2026-10-06 23:29:22	664
refrel3_cleanroom_v1/archives/asmA.q4k.hash.rr3	2026-10-06 23:29:22	664
refrel3_cleanroom_v1/archives/asmA.q16k.nohash.rr3	2026-10-06 23:29:22	664
refrel3_cleanroom_v1/archives/asmA.q4k.nohash.rr3	2026-10-06 23:29:22	664
refrel3_cleanroom_v1/archives/asmF.q4k.hash.rr3	2026-10-06 23:29:22	664
refrel3_cleanroom_v1/archives/asmF.q4k.nohash.rr3	2026-10-06 23:29:22	664
refrel3_cleanroom_v1/archives/asmE.q16k.nohash.rr3	2026-10-06 23:29:22	664
refrel3_cleanroom_v1/archives/asmC.q4k.hash.rr3	2026-10-06 23:29:22	664
refrel3_cleanroom_v1/archives/asmA.q16k.hash.rr3	2026-10-06 23:29:22	664
refrel3_cleanroom_v1/archives/asmE.q4k.hash.rr3	2026-10-06 23:29:22	664
refrel3_cleanroom_v1/archives/asmE.q4k.nohash.rr3	2026-10-06 23:29:22	664
refrel3_cleanroom_v1/archives/asmD.q16k.nohash.rr3	2026-10-06 23:29:22	664
refrel3_cleanroom_v1/archives/asmB.q4k.hash.rr3	2026-10-06 23:29:22	664
refrel3_cleanroom_v1/archives/asmF.q16k.nohash.rr3	2026-10-06 23:29:22	664
refrel3_cleanroom_v1/archives/asmB.q16k.nohash.rr3	2026-10-06 23:29:22	664
refrel3_cleanroom_v1/archives/asmF.q16k.hash.rr3	2026-10-06 23:29:22	664
refrel3_cleanroom_v1/archives/asmB.q4k.nohash.rr3	2026-10-06 23:29:22	664
refrel3_cleanroom_v1/archives/asmC.q16k.hash.rr3	2026-10-06 23:29:22	664
refrel3_cleanroom_v1/archives/asmE.q16k.hash.rr3	2026-10-06 23:29:22	664
refrel3_cleanroom_v1/archives/asmB.q16k.hash.rr3	2026-10-06 23:29:22	664
refrel3_cleanroom_v1/archives/asmD.q4k.nohash.rr3	2026-10-06 23:29:22	664
refrel3_cleanroom_v1/archives/asmD.q16k.hash.rr3	2026-10-06 23:29:22	664
refrel3_cleanroom_v1/archives/asmD.q4k.hash.rr3	2026-10-06 23:29:22	664
refrel3_cleanroom_v1/FORMAT.md	2026-10-06 23:29:22	664
refrel3_cleanroom_v1/SHA256SUMS	2026-10-06 23:35:38	664
refrel3_cleanroom_v1/reference/	2026-10-06 23:29:22	775
refrel3_cleanroom_v1/reference/reference.fa	2026-10-06 23:29:22	664
refrel3_cleanroom_v1/reference/reference_wrong.fa	2026-10-06 23:29:22	664
