n	name	agc_t2t_bytes	agc_noref_bytes	append_t2t_s	append_noref_s
1	y1_HG00438.1	767883314	699679459	14.5	61.2
2	y1_HG00438.2	800036727	753700107	17.0	17.0
3	y1_HG00621.1	823091277	788988057	19.1	19.1
4	y1_HG00621.2	841065173	811173052	21.5	21.5
5	y1_HG00673.1	858275950	831519740	21.6	21.6
6	y1_HG00673.2	871874045	847913464	23.3	23.3
7	y1_HG00735.1	890825402	870247459	25.7	25.8
8	y1_HG00735.2	906126762	887926088	27.3	27.3
9	y1_HG00741.1	920603542	904130132	29.2	29.2
10	y1_HG00741.2	934596284	919130679	30.7	30.7
11	y1_HG01071.1	948126322	932781657	33.3	33.3
12	y1_HG01071.2	958683924	944231500	32.5	32.5
13	y1_HG01106.1	969903644	956455231	33.5	34.1
14	y1_HG01106.2	979316866	967038325	37.4	37.4
15	y1_HG01123.1	988182311	975734490	37.4	37.4
16	y1_HG01123.2	997050643	985237406	39.6	39.6
17	y1_HG01175.1	1007001071	995347153	39.7	39.7
18	y1_HG01175.2	1016091761	1004893161	48.5	48.5
19	y1_HG01258.1	1023895062	1013149432	43.2	43.3
20	y1_HG01258.2	1032209331	1021761641	50.9	50.9
21	y1_HG01358.1	1041579472	1030586290	46.1	47.1
22	y1_HG01358.2	1048374592	1037242899	51.3	51.6
23	y1_HG01361.1	1055300115	1043535785	49.4	49.4
24	y1_HG01361.2	1063071068	1051002346	52.6	52.6
25	y1_HG01891.1	1081381692	1069879590	58.2	58.2
26	y1_HG01891.2	1098652351	1088644908	53.6	53.9
27	y1_HG01928.1	1105313174	1095810141	60.0	60.0
28	y1_HG01928.2	1110780443	1101233640	52.2	52.2
29	y1_HG01952.1	1116810315	1106881012	51.1	52.4
30	y1_HG01952.2	1121868600	1112249890	53.0	53.4
31	y1_HG01978.1	1127782194	1118041359	55.2	55.2
32	y1_HG01978.2	1132903087	1123487503	55.9	55.9
33	y1_HG02148.1	1138109515	1128624315	56.1	56.4
34	y1_HG02148.2	1142282306	1132488983	56.7	58.0
35	y1_HG02257.1	1159454966	1149080048	59.2	59.2
36	y1_HG02257.2	1172536251	1162113121	60.0	60.0
37	y1_HG02486.1	1187393506	1177041231	59.8	60.6
38	y1_HG02486.2	1199763131	1189736938	62.9	62.9
39	y1_HG02559.1	1213872772	1204099106	63.8	64.5
40	y1_HG02559.2	1226443819	1216089185	66.1	66.1
41	y1_HG02572.1	1242785514	1231832484	66.3	67.0
42	y1_HG02572.2	1257680578	1246366028	69.0	69.4
43	y1_HG02622.1	1270135242	1258069735	69.9	70.5
44	y1_HG02622.2	1281535666	1269484669	71.4	72.1
45	y1_HG02630.1	1294553605	1281938726	72.5	73.6
46	y1_HG02630.2	1305584011	1292825509	74.0	74.0
47	y1_HG02717.1	1316841721	1303917269	74.0	74.6
48	y1_HG02717.2	1326510822	1314214582	76.9	77.0
49	y1_HG02886.1	1337831570	1325216323	78.0	78.4
50	y1_HG02886.2	1348467609	1335294906	75.1	79.5
51	y1_HG03453.1	1373343877	1346836377	79.1	79.1
52	y1_HG03453.2	1399286998	1371619024	62.8	74.1
53	y1_HG03516.1	1423074783	1397766717	50.3	60.5
54	y1_HG03516.2	1442366235	1420543079	45.4	49.1
55	y1_HG03540.1	1461285102	1441566465	43.3	46.7
56	y1_HG03540.2	1477716468	1459208681	42.3	43.4
57	y1_HG03579.1	1494804923	1476754909	41.2	42.3
58	y1_HG03579.2	1510254992	1493008176	43.5	43.5
59	y1_HG002.1	1521932713	1506643897	42.8	45.3
60	y1_HG002.2	1531418142	1517535311	44.4	46.6
61	y1_HG005.1	1542257605	1528112201	43.8	45.7
62	y1_HG005.2	1550363633	1536654372	46.1	46.3
63	y1_HG00733.1	1559419851	1546213861	48.1	48.6
64	y1_HG00733.2	1567640303	1554789936	47.6	47.6
65	y1_HG01109.1	1576933066	1564935708	46.1	47.2
66	y1_HG01109.2	1588703411	1576880677	49.7	49.7
67	y1_HG01243.1	1599539359	1587958568	47.7	50.1
68	y1_HG01243.2	1609440086	1598069411	51.1	51.5
69	y1_HG02055.1	1621377682	1609973000	52.3	54.3
70	y1_HG02055.2	1632288776	1620319102	53.0	54.0
71	y1_HG02080.1	1640384848	1628029744	54.7	54.7
72	y1_HG02080.2	1647595430	1635148389	54.9	55.6
73	y1_HG02109.1	1659851812	1647696703	56.3	56.3
74	y1_HG02109.2	1670459851	1658193242	57.3	57.4
75	y1_HG02145.1	1681993984	1670896286	58.1	60.7
76	y1_HG02145.2	1693067870	1681620140	60.0	60.3
77	y1_HG02723.1	1703723616	1692858792	60.9	61.3
78	y1_HG02723.2	1713772895	1702521883	61.7	62.2
79	y1_HG02818.1	1723414244	1711991401	62.9	62.9
80	y1_HG02818.2	1733216365	1721598845	64.6	65.0
81	y1_HG03098.1	1743627068	1732470682	66.0	66.8
82	y1_HG03098.2	1753463459	1742434497	67.4	69.0
83	y1_HG03486.1	1763041595	1752862199	69.5	69.5
84	y1_HG03486.2	1772222996	1762167093	69.1	69.6
85	y1_HG03492.1	1779929729	1770072244	69.1	71.0
86	y1_HG03492.2	1787148280	1777330547	70.6	70.7
87	y1_NA18906.1	1796003964	1786181707	72.4	72.5
88	y1_NA18906.2	1804080062	1793898050	74.4	74.4
98	r2_HG00597_pat_hprc_r2_v1.0.1	1912422040	-	116.5	-	batch of 10
108	r2_HG04187_pat_hprc_r2_v1.0.1	2007834778	-	102.0	-	batch of 10
118	r2_HG01433_pat_hprc_r2_v1.0.1	2095606361	-	93.7	-	batch of 10
128	r2_HG02293_pat_hprc_r2_v1.0.1	2163360078	-	96.3	-	batch of 10
138	r2_HG03704_pat_hprc_r2_v1.0.1	2231243124	-	99.6	-	batch of 10
148	r2_HG01106_pat_hprc_r2_v1.0.1	2281174945	-	102.4	-	batch of 10
158	r2_HG02886_pat_hprc_r2_v1.0.1	2356775289	-	100.5	-	batch of 10
168	r2_HG02922_hap1_hprc_r2_v1.0.1	2435409562	-	97.5	-	batch of 10
178	r2_NA19043_hap1_hprc_r2_v1.0.1	2517918983	-	97.9	-	batch of 10
188	r2_NA19338_hap1_hprc_r2_v1.0.1	2578724025	-	102.9	-	batch of 10
198	r2_HG01081_pat_hprc_r2_v1.0.1	2630355859	-	105.9	-	batch of 10
208	r2_HG01969_pat_hprc_r2_v1.0.1	2684206822	-	99.0	-	batch of 10
218	r2_HG03041_pat_hprc_r2_v1.0.1	2756909096	-	98.3	-	batch of 10
228	r2_HG03816_pat_hprc_r2_v1.0.1	2811472428	-	98.0	-	batch of 10
238	r2_HG00146_hap1_hprc_r2_v1.0.1	2863863103	-	101.2	-	batch of 10
248	r2_HG03874_hap1_hprc_r2_v1.0.1	2914818113	-	105.8	-	batch of 10
258	r2_NA19700_hap1_hprc_r2_v1.0.1	2990259311	-	103.1	-	batch of 10
268	r2_NA20799_hap1_hprc_r2_v1.0.1	3057014869	-	97.9	-	batch of 10
278	r2_NA20129_pat_hprc_r2_v1.0.1	3122404735	-	101.9	-	batch of 10
288	r2_HG00329_hap1_hprc_r2_v1.0.1	3169767883	-	102.0	-	batch of 10
298	r2_NA19835_hap1_hprc_r2_v1.0.1	3216880231	-	107.4	-	batch of 10
308	r2_HG02630_pat_hprc_r2_v1.0.1	3280211937	-	106.8	-	batch of 10
318	r2_HG02056_mat_hprc_r2_v1.0.1	3344306673	-	100.6	-	batch of 10
328	r2_HG00609_mat_hprc_r2_v1.0.1	3397796673	-	101.8	-	batch of 10
338	r2_HG01993_mat_hprc_r2_v1.0.1	3441379902	-	102.7	-	batch of 10
348	r2_HG02615_mat_hprc_r2_v1.0.1	3485340402	-	107.1	-	batch of 10
358	r2_HG04115_mat_hprc_r2_v1.0.1	3540001811	-	103.3	-	batch of 10
368	r2_HG01952_mat_hprc_r2_v1.0.1	3586036187	-	92.9	-	batch of 10
378	r2_HG00140_hap2_hprc_r2_v1.0.1	3645496093	-	102.9	-	batch of 10
388	r2_HG03195_hap2_hprc_r2_v1.0.1	3698729012	-	105.2	-	batch of 10
398	r2_HG02391_hap2_hprc_r2_v1.0.1	3746838664	-	108.0	-	batch of 10
408	r2_HG00558_mat_hprc_r2_v1.0.1	3809071396	-	107.5	-	batch of 10
418	r2_HG01358_mat_hprc_r2_v1.0.1	3855321935	-	98.3	-	batch of 10
428	r2_HG02135_mat_hprc_r2_v1.0.1	3897420293	-	100.2	-	batch of 10
438	r2_HG03942_mat_hprc_r2_v1.0.1	3958033136	-	104.9	-	batch of 10
448	r2_HG02735_mat_hprc_r2_v1.0.1	3996501430	-	107.7	-	batch of 10
458	r2_HG00321_hap2_hprc_r2_v1.0.1	4047973431	-	105.7	-	batch of 10
468	r2_NA18620_hap2_hprc_r2_v1.0.1	4113512878	-	104.0	-	batch of 10
478	r2_NA21110_hap2_hprc_r2_v1.0.1	4165910242	-	103.0	-	batch of 10
488	r2_HG02109_mat_hprc_r2_v1.0.1	4218467900	-	106.2	-	batch of 10
498	r2_NA19240_mat_hprc_r2_v1.0.1	4273923670	-	110.8	-	batch of 10
508	r2_HG03369_hap2_hprc_r2_v1.0.1	4317427820	-	106.0	-	batch of 10
518	r2_NA20809_hap2_hprc_r2_v1.0.1	4374742268	-	99.0	-	batch of 10
528	r2_NA20805_hap2_hprc_r2_v1.0.1	4427050557	-	105.9	-	batch of 10
538	r2_NA18982_hap1_hprc_r2_v1.0.1	4468470920	-	98.8	-	batch of 10
548	r2_NA18982_hap2_hprc_r2_v1.0.1	4501939863	-	104.0	-	batch of 10
558	r2_HG06807_mat_v1	4550099506	-	105.7	-	batch of 10
560	r2_hg002v1.1.mat_MT	4559638761	-	40.9	-	batch of 2
