# Performance baseline of the CPU decoder on ace-core (scripts/perf_gate.sh): best confirmed medians (5 runs after a warm-up,
# every run compared with the original); threads 0 = all hardware threads, 1 = one thread pinned to CPU 2. Rows are
# replaced only by a faster measurement (perf_gate.sh --update), in a commit of their own with the gate log.
# cpu: AMD EPYC 4344P 8-Core Processor
archive	profile	threads	base_s	archive_bytes	original	GB/s	commit	date
chr1	default	1	0.1373	59429097	~/golden/genome/chr1.fa	1.85	6a4c9ad	2026-10-01
chr1	default	0	0.0254	59429097	~/golden/genome/chr1.fa	10.00	6a4c9ad	2026-10-01
chr1	open	1	0.1139	63091473	~/golden/genome/chr1.fa	2.23	b598376	2026-10-02
chr1	open	0	0.0173	63091473	~/golden/genome/chr1.fa	14.68	b598376	2026-10-02
t2t	default	1	1.9628	806458861	~/golden/genome/t2t.fa	1.61	6a4c9ad	2026-10-01
t2t	default	0	0.2575	806458861	~/golden/genome/t2t.fa	12.26	6a4c9ad	2026-10-01
t2t	open	1	1.5378	853265321	~/golden/genome/t2t.fa	2.05	b598376	2026-10-02
t2t	open	0	0.1766	853265321	~/golden/genome/t2t.fa	17.87	b598376	2026-10-02
silesia	default	1	0.1411	69042786	~/CORPORA/silesia.tar	1.50	0752427	2026-10-01
silesia	default	0	0.0378	69042786	~/CORPORA/silesia.tar	5.61	6a4c9ad	2026-10-01
silesia	open	1	0.1243	88926073	~/CORPORA/silesia.tar	1.71	b598376	2026-10-02
silesia	open	0	0.0227	88926073	~/CORPORA/silesia.tar	9.34	b598376	2026-10-02
