rand_1B	1	8a331fdde7032f33a71e1b2e257d80166e348e00fcb17914f48bdb57a1c63007	-
rand_7B	7	b311bc2380699062e93a29e3830ea6dbe906aa8b0f3e53082209586936c1af9d	-
text_767B	767	6d47aaa4246d4fabc931f8a005aff634a858c35b719b537da8b596b65823f3a5	-
dna_4095B	4095	dcdf3ff59308a09d3c8ce18899c325b3b0c12e24c947b7643cf9f6461d892a97	-
dna_4096B	4096	858bea4b4ff0c69a4e009f108b7c68510368080417889da60fca5310e9528620	-
dna_4097B	4097	85f7e26b5d9d699a50b504682dc0b7cfcb67dbb66da191de00c8b946606da8be	-
alln_1MiB	1048576	95140f1fc2c37dc6d586a2c50a701be86dc4e4ae1b0ab95b688d5705482caa6d	-
dna_mixed_300K	300000	da5d40a3b83b5756dc72248c9380fb46cc1fa375d505d522bf61dd9007a9cb1b	-
text_200K	200000	61b2268e7f29567e949da85cb6f6f76df8fc47a36b37dc708c7e8ea385fae868	-
text_legacy4	300000	18f17da2c10602339a8d3a09c21986fa7088abb52c1735c1616de93e5590bccf	-
rand_bigfse	400000	0e14df39e171c55d0a0dfc60ef3e95b6d867370edfc53f617feb9bcc1bb9ee7b	-
dna_default	2097152	a2af2e6139e21c225d65be95ef3eb81cec0cc4a00a8f903e55345953eb32e408	-
zeros_1MiB	1048576	30e14955ebf1352266dc2ff8067e68104607e750abb9d3b36582b8af909fcb58	-
dna_depth_legacy	300000	6d14ac5a92b4c24a416c64a2bca333a724d9d6e59fb017c9588a59151100ee27	FSE_CHUNK=4096
dna_rans_2MiB	2097152	590d23dba55c952a5eb292bc5963794b77f3d1bca8411364dc1861546e7eb8f6	-
dna_rans_4k	300000	02f26e57c5003e01c9c6a6c1aa662fa9ef8202aa93a2260ababa7ca194ab5ddb	-
text_rans_200K	200000	274d42fe1073c30ee8f5d66783727dd2b67afffce53a9fc9b7b1665bc957332d	-
