id	sample	contig	start	length	alloc_delete_calls	alloc_new_bytes	alloc_new_calls	conv_bytes	dc_assembled_bytes	dc_calls	dc_desc_scanned	dc_desc_segments	dc_fast_false	dc_returned_bytes	dc_seg_decoded	dc_seg_is_delta	dc_seg_is_group_ref	dc_seg_raw_len	dc_seg_revcomp	desc_batch_details_load	desc_batch_names_load	desc_calls	desc_contigs_scanned	desc_segments_copied	gcs_calls	lz_decode_calls	lz_delta_bytes	lz_out_bytes	lz_ref_bytes	seg_get_calls	seg_get_delta	seg_get_ref_only	zstd_calls	zstd_in	zstd_out	dctx_create
w9	y1_HG00438.1	HG00438#1#JAHBCB010000004.1	5355145	4096	3159	19877154	119800	4096	44130	1	90	1004	1	4096	1	0	1	44130	0	1	1	1	4	1004	1	0	0	0	0	1	0	1	7	593870	1854711	7
w41	y1_HG00438.1	HG00438#1#JAHBCB010000010.1	27018671	4096	36	447831	36	4096	60045	1	423	597	1	4096	1	1	0	60045	0	0	0	1	10	597	1	1	398	60045	60031	1	1	0	2	14728	15009	1
w5	y1_HG00438.1	HG00438#1#JAHBCB010000015.1	49578382	4096	42	506293	42	4096	60022	1	826	1863	1	4096	1	1	0	60022	1	0	0	1	15	1863	1	1	680	60022	60031	1	1	0	2	14891	15009	1
w96	y1_HG00438.1	HG00438#1#JAHBCB010000016.1	61540082	4096	45	492336	45	4096	60057	1	1039	1607	1	4096	1	1	0	60057	0	0	0	1	16	1607	1	1	796	60057	60031	1	1	0	2	15087	15009	1
w81	y1_HG00438.1	HG00438#1#JAHBCB010000019.1	5407534	4096	45	448585	45	4096	59342	1	92	1694	1	4096	1	1	0	59342	1	0	0	1	19	1694	1	1	787	59342	60031	1	1	0	2	14941	15009	1
w24	y1_HG00438.1	HG00438#1#JAHBCB010000028.1	2463555	4096	51	413808	51	4096	60025	1	45	372	1	4096	1	1	0	60025	0	0	0	1	28	372	1	1	864	60025	60031	1	1	0	2	15451	15009	1
w83	y1_HG00438.1	HG00438#1#JAHBCB010000028.1	15980702	4096	43	472450	43	4096	147905	1	264	372	1	4096	1	0	1	147905	1	0	0	1	28	372	1	0	0	0	0	1	0	1	1	2700	36978	1
w61	y1_HG00438.1	HG00438#1#JAHBCB010000041.1	15460004	4096	64	509511	64	4096	60010	1	260	1041	1	4096	1	1	0	60010	0	0	0	1	41	1041	1	1	314	60010	60031	1	1	0	2	15282	15009	1
w38	y1_HG00438.1	HG00438#1#JAHBCB010000044.1	34255189	4096	68	442794	68	4096	60002	1	575	747	1	4096	1	1	0	60002	0	0	0	1	44	747	1	1	360	60002	60031	1	1	0	2	14973	15009	1
w28	y1_HG00438.1	HG00438#1#JAHBCB010000044.1	36852429	4096	66	358386	66	4096	60029	1	618	747	1	4096	1	1	0	60029	1	0	0	1	44	747	1	1	31	60029	60031	1	1	0	2	14805	15009	1
w7	y1_HG00438.1	HG00438#1#JAHBCB010000051.1	322043	4096	66	597272	66	4096	190148	1	7	302	1	4096	1	0	1	190148	1	0	0	1	51	302	1	0	0	0	0	1	0	1	1	4069	47539	1
w35	y1_HG00438.1	HG00438#1#JAHBCB010000055.1	8980578	4096	82	406669	82	4096	60026	1	156	298	1	4096	1	1	0	60026	0	0	0	1	55	298	1	1	891	60026	60031	1	1	0	2	15320	15009	1
w59	y1_HG00438.1	HG00438#1#JAHBCB010000075.1	3867219	4096	124	840131	124	4096	119967	1	64	416	1	4096	2	2	0	119998	0	0	0	1	75	416	1	2	1288	119998	120062	2	2	0	4	29999	30018	1
w47	y1_HG00438.1	HG00438#1#JAHBCB010000078.1	1999743	4096	106	352793	106	4096	59618	1	36	170	1	4096	1	1	0	59618	1	0	0	1	78	170	1	1	487	59618	60031	1	1	0	2	14973	15009	1
w44	y1_HG00438.1	HG00438#1#JAHBCB010000078.1	7975638	4096	122	783832	122	4096	120123	1	138	170	1	4096	2	2	0	120154	0	0	0	1	78	170	1	2	1541	120154	120160	2	2	0	4	31461	30043	1
w54	y1_HG00438.1	HG00438#1#JAHBCB010000124.1	185142	4096	148	315855	148	4096	62705	1	5	42	1	4096	1	1	0	62705	1	0	0	1	124	42	1	1	407	62705	62720	1	1	0	2	10893	62720	1
w27	y1_HG00438.2	HG00438#2#JAHBCA010000001.1	5348921	4096	32	1493926	32	4096	172710	1	89	847	1	4096	1	1	0	172710	0	0	0	1	1	847	1	1	111486	172710	60031	1	1	0	2	48488	15009	1
w79	y1_HG00438.2	HG00438#2#JAHBCA010000002.1	133305871	4096	26	478451	26	4096	60322	1	2238	2279	1	4096	1	1	0	60322	1	0	0	1	2	2279	1	1	612	60322	60031	1	1	0	2	15449	15009	1
w31	y1_HG00438.2	HG00438#2#JAHBCA010000003.1	49323683	4096	28	419400	28	4096	60072	1	825	1448	1	4096	1	1	0	60072	0	0	0	1	3	1448	1	1	525	60072	60049	1	1	0	2	14838	15014	1
w32	y1_HG00438.2	HG00438#2#JAHBCA010000003.1	71290160	4096	30	477663	30	4096	60028	1	1192	1448	1	4096	1	1	0	60028	0	0	0	1	3	1448	1	1	400	60028	60031	1	1	0	2	14673	15009	1
w36	y1_HG00438.2	HG00438#2#JAHBCA010000005.1	5457559	4096	32	518061	32	4096	60051	1	87	1932	1	4096	1	1	0	60051	1	0	0	1	5	1932	1	1	349	60051	60045	1	1	0	2	14591	15013	1
w80	y1_HG00438.2	HG00438#2#JAHBCA010000010.1	32865884	4096	35	474930	35	4096	60067	1	551	1852	1	4096	1	1	0	60067	0	0	0	1	10	1852	1	1	248	60067	60031	1	1	0	2	14902	15009	1
w86	y1_HG00438.2	HG00438#2#JAHBCA010000010.1	98223084	4096	37	494873	37	4096	60030	1	1640	1852	1	4096	1	1	0	60030	1	0	0	1	10	1852	1	1	771	60030	60031	1	1	0	2	15432	15009	1
w48	y1_HG00438.2	HG00438#2#JAHBCA010000011.1	72489650	4096	37	467403	37	4096	60026	1	1212	1696	1	4096	1	1	0	60026	0	0	0	1	11	1696	1	1	880	60026	60031	1	1	0	2	14857	15009	1
w73	y1_HG00438.2	HG00438#2#JAHBCA010000014.1	18549720	4096	42	403186	42	4096	60058	1	309	718	1	4096	1	1	0	60058	0	0	0	1	14	718	1	1	527	60058	60031	1	1	0	2	14725	15009	1
w84	y1_HG00438.2	HG00438#2#JAHBCA010000024.1	23512524	4096	51	378932	51	4096	60052	1	395	620	1	4096	1	1	0	60052	1	0	0	1	24	620	1	1	433	60052	60031	1	1	0	2	15163	15009	1
w66	y1_HG00438.2	HG00438#2#JAHBCA010000024.1	34754980	4096	51	1173973	51	4096	301696	1	577	620	1	4096	2	1	1	301727	1	0	0	1	24	620	1	1	647	63712	60892	2	1	1	3	62499	74730	1
w67	y1_HG00438.2	HG00438#2#JAHBCA010000032.1	33531979	4096	59	447870	59	4096	60025	1	563	971	1	4096	1	1	0	60025	0	0	0	1	32	971	1	1	162	60025	60031	1	1	0	2	14793	15009	1
w52	y1_HG00438.2	HG00438#2#JAHBCA010000032.1	40290677	4096	58	483300	58	4096	60096	1	676	971	1	4096	1	1	0	60096	0	0	0	1	32	971	1	1	456	60096	60081	1	1	0	2	15116	15022	1
w50	y1_HG00438.2	HG00438#2#JAHBCA010000035.1	32978815	4096	60	481466	60	4096	60103	1	553	1449	1	4096	1	1	0	60103	1	0	0	1	35	1449	1	1	358	60103	60031	1	1	0	2	14049	15009	1
w22	y1_HG00438.2	HG00438#2#JAHBCA010000037.1	27270243	4096	61	437966	61	4096	60047	1	455	504	1	4096	1	1	0	60047	1	0	0	1	37	504	1	1	206	60047	60031	1	1	0	2	15078	15009	1
w55	y1_HG00438.2	HG00438#2#JAHBCA010000040.1	19448929	4096	60	349225	60	4096	60091	1	327	955	1	4096	1	1	0	60091	0	0	0	1	40	955	1	1	298	60091	60031	1	1	0	2	15329	15009	1
w92	y1_HG00438.2	HG00438#2#JAHBCA010000045.1	20297122	4096	70	360319	70	4096	60047	1	347	500	1	4096	1	1	0	60047	0	0	0	1	45	500	1	1	456	60047	60031	1	1	0	2	14763	15009	1
w58	y1_HG00438.2	HG00438#2#JAHBCA010000045.1	23197818	4096	73	416129	73	4096	60015	1	395	500	1	4096	1	1	0	60015	0	0	0	1	45	500	1	1	684	60015	60031	1	1	0	2	15099	15009	1
w94	y1_HG00438.2	HG00438#2#JAHBCA010000046.1	57433119	4096	72	491907	72	4096	60024	1	960	1531	1	4096	1	1	0	60024	1	0	0	1	46	1531	1	1	958	60024	60049	1	1	0	2	15285	15014	1
w4	y1_HG00438.2	HG00438#2#JAHBCA010000064.1	142304	4096	121	420508	121	4096	43634	1	5	87	1	4096	2	2	0	43665	1	0	0	1	64	87	1	2	43665	43665	52384	2	2	0	4	6428	13099	1
w60	y1_HG00438.2	HG00438#2#JAHBCA010000071.1	16680949	4096	96	418790	96	4096	60031	1	280	470	1	4096	1	1	0	60031	0	0	0	1	71	470	1	1	620	60031	60031	1	1	0	2	14983	15009	1
w21	y1_HG00438.2	HG00438#2#JAHBCA010000117.1	862624	4096	147	887576	147	4096	236792	1	22	39	1	4096	1	1	0	236792	0	0	0	1	117	39	1	1	8397	236792	60184	1	1	0	2	4636	15048	1
w37	y1_HG00438.2	HG00438#2#JAHBCA010000141.1	597448	4096	182	1353528	182	4096	250145	1	10	17	1	4096	2	2	0	250176	1	0	0	1	141	17	1	2	2552	250176	190301	2	2	0	4	21426	47579	1
w75	y1_HG00438.2	HG00438#2#JAHBCA010000142.1	2504818	4096	168	386726	168	4096	59847	1	44	77	1	4096	1	1	0	59847	1	0	0	1	142	77	1	1	2318	59847	60031	1	1	0	2	16298	15009	1
w45	y1_HG00621.1	HG00621#1#JAHBCD010000005.1	14477521	4096	19	607610	19	4096	257886	1	163	1381	1	4096	1	0	1	257886	1	0	0	1	5	1381	1	0	0	0	0	1	0	1	1	9944	257886	1
w16	y1_HG00621.1	HG00621#1#JAHBCD010000005.1	45575974	4096	33	455701	33	4096	59998	1	651	1381	1	4096	1	1	0	59998	1	0	0	1	5	1381	1	1	749	59998	60031	1	1	0	2	15238	15009	1
w8	y1_HG00621.1	HG00621#1#JAHBCD010000009.1	76939591	4096	32	451548	32	4096	60037	1	1289	1502	1	4096	1	1	0	60037	1	0	0	1	9	1502	1	1	58	60037	60031	1	1	0	2	15190	15009	1
w17	y1_HG00621.1	HG00621#1#JAHBCD010000011.1	24783932	4096	39	409911	39	4096	60036	1	414	910	1	4096	1	1	0	60036	0	0	0	1	11	910	1	1	707	60036	60031	1	1	0	2	14879	15009	1
w63	y1_HG00621.1	HG00621#1#JAHBCD010000015.1	17351898	4096	42	373575	42	4096	60005	1	286	322	1	4096	1	1	0	60005	0	0	0	1	15	322	1	1	1041	60005	60031	1	1	0	2	14808	15009	1
w64	y1_HG00621.1	HG00621#1#JAHBCD010000016.1	47145196	4096	41	419245	41	4096	59949	1	790	1473	1	4096	1	1	0	59949	1	0	0	1	16	1473	1	1	772	59949	60031	1	1	0	2	15049	15009	1
w43	y1_HG00621.1	HG00621#1#JAHBCD010000019.1	7696252	4096	49	412316	49	4096	60017	1	141	793	1	4096	1	1	0	60017	0	0	0	1	19	793	1	1	558	60017	60031	1	1	0	2	15118	15009	1
w23	y1_HG00621.1	HG00621#1#JAHBCD010000019.1	33823630	4096	46	431829	46	4096	60034	1	577	793	1	4096	1	1	0	60034	0	0	0	1	19	793	1	1	706	60034	60031	1	1	0	2	14853	15009	1
w93	y1_HG00621.1	HG00621#1#JAHBCD010000021.1	41375406	4096	47	402926	47	4096	59963	1	690	1192	1	4096	1	1	0	59963	0	0	0	1	21	1192	1	1	854	59963	60031	1	1	0	2	15377	15009	1
w42	y1_HG00621.1	HG00621#1#JAHBCD010000030.1	11715357	4096	63	350735	63	4096	60037	1	177	333	1	4096	1	1	0	60037	0	0	0	1	30	333	1	1	624	60037	60031	1	1	0	2	15128	15009	1
w68	y1_HG00621.1	HG00621#1#JAHBCD010000033.1	2054739	4096	55	415091	55	4096	60031	1	37	1058	1	4096	1	1	0	60031	1	0	0	1	33	1058	1	1	557	60031	60031	1	1	0	2	14717	15009	1
w82	y1_HG00621.1	HG00621#1#JAHBCD010000041.1	10433103	4096	76	819449	76	4096	120034	1	178	1421	1	4096	2	2	0	120065	2	0	0	1	41	1421	1	2	107	120065	120062	2	2	0	4	29092	30018	1
w72	y1_HG00621.1	HG00621#1#JAHBCD010000069.1	14747267	4096	92	346516	92	4096	60027	1	257	280	1	4096	1	1	0	60027	1	0	0	1	69	280	1	1	913	60027	60031	1	1	0	2	15248	15009	1
w14	y1_HG00621.1	HG00621#1#JAHBCD010000072.1	5291051	4096	97	431363	97	4096	60168	1	90	265	1	4096	1	1	0	60168	0	0	0	1	72	265	1	1	69	60168	60160	1	1	0	2	14896	15042	1
w97	y1_HG00621.1	HG00621#1#JAHBCD010000080.1	8497593	4096	112	339694	112	4096	60046	1	143	156	1	4096	1	1	0	60046	0	0	0	1	80	156	1	1	545	60046	60031	1	1	0	2	15223	15009	1
w69	y1_HG00621.1	HG00621#1#JAHBCD010000094.1	30332	4096	124	476564	124	4096	93079	1	2	5	1	4096	1	1	0	93079	0	0	0	1	94	5	1	1	10496	93079	61305	1	1	0	2	6383	15328	1
w89	y1_HG00621.1	HG00621#1#JAHBCD010000097.1	425212	4096	112	173252	112	4096	51530	1	6	47	1	4096	1	0	1	51530	0	0	0	1	97	47	1	0	0	0	0	1	0	1	1	8895	12884	1
w13	y1_HG00621.1	HG00621#1#JAHBCD010000109.1	2953062	4096	133	439808	133	4096	60031	1	77	495	1	4096	1	1	0	60031	1	0	0	1	109	495	1	1	67	60031	60031	1	1	0	2	14888	15009	1
w51	y1_HG00621.1	HG00621#1#JAHBCD010000109.1	9351594	4096	137	472812	137	4096	60317	1	183	495	1	4096	1	1	0	60317	1	0	0	1	109	495	1	1	1421	60317	60031	1	1	0	2	15532	15009	1
w95	y1_HG00621.1	HG00621#1#JAHBCD010000144.1	627367	4096	165	354971	165	4096	116409	1	10	17	1	4096	3	0	3	116471	2	0	0	1	144	17	1	0	0	0	0	3	0	3	3	8062	38279	1
w57	y1_HG00621.2	HG00621#2#JAHBCC010000005.1	18341306	4096	34	492293	34	4096	59722	1	307	992	1	4096	1	1	0	59722	1	0	0	1	5	992	1	1	964	59722	60054	1	1	0	2	15233	15015	1
w62	y1_HG00621.2	HG00621#2#JAHBCC010000006.1	784916	4096	35	507744	35	4096	59018	1	15	2206	1	4096	1	1	0	59018	0	0	0	1	6	2206	1	1	1023	59018	60031	1	1	0	2	14701	15009	1
w0	y1_HG00621.2	HG00621#2#JAHBCC010000006.1	35356835	4096	33	546058	33	4096	60020	1	591	2206	1	4096	1	1	0	60020	1	0	0	1	6	2206	1	1	797	60020	60031	1	1	0	2	15078	15009	1
w99	y1_HG00621.2	HG00621#2#JAHBCC010000008.1	67045469	4096	32	488804	32	4096	60040	1	1084	1302	1	4096	1	1	0	60040	0	0	0	1	8	1302	1	1	111	60040	60031	1	1	0	2	15026	15009	1
w91	y1_HG00621.2	HG00621#2#JAHBCC010000014.1	94270972	4096	40	462532	40	4096	60015	1	1579	1812	1	4096	1	1	0	60015	0	0	0	1	14	1812	1	1	507	60015	60031	1	1	0	2	15104	15009	1
w26	y1_HG00621.2	HG00621#2#JAHBCC010000014.1	107615278	4096	39	438600	39	4096	60356	1	1803	1812	1	4096	1	1	0	60356	1	0	0	1	14	1812	1	1	869	60356	60074	1	1	0	2	15320	15020	1
w88	y1_HG00621.2	HG00621#2#JAHBCC010000016.1	7233806	4096	43	415752	43	4096	60058	1	129	286	1	4096	1	1	0	60058	1	0	0	1	16	286	1	1	470	60058	60031	1	1	0	2	15178	15009	1
w98	y1_HG00621.2	HG00621#2#JAHBCC010000018.1	35864984	4096	43	428637	43	4096	59989	1	602	1545	1	4096	1	1	0	59989	0	0	0	1	18	1545	1	1	472	59989	60031	1	1	0	2	15120	15009	1
w70	y1_HG00621.2	HG00621#2#JAHBCC010000022.1	1386500	4096	51	520134	51	4096	60037	1	25	1761	1	4096	1	1	0	60037	0	0	0	1	22	1761	1	1	521	60037	60031	1	1	0	2	15597	15009	1
w20	y1_HG00621.2	HG00621#2#JAHBCC010000025.1	2463014	4096	46	354766	46	4096	60023	1	44	322	1	4096	1	1	0	60023	1	0	0	1	25	322	1	1	78	60023	60031	1	1	0	2	14747	15009	1
w3	y1_HG00621.2	HG00621#2#JAHBCC010000031.1	22785868	4096	58	453323	58	4096	60021	1	380	1049	1	4096	1	1	0	60021	0	0	0	1	31	1049	1	1	280	60021	60031	1	1	0	2	14938	15009	1
w74	y1_HG00621.2	HG00621#2#JAHBCC010000037.1	3568261	4096	65	458003	65	4096	58746	1	61	976	1	4096	1	1	0	58746	1	0	0	1	37	976	1	1	1205	58746	60078	1	1	0	2	14552	15021	1
w25	y1_HG00621.2	HG00621#2#JAHBCC010000039.1	30629435	4096	65	506210	65	4096	59687	1	511	1606	1	4096	1	1	0	59687	1	0	0	1	39	1606	1	1	390	59687	60031	1	1	0	2	15046	15009	1
w87	y1_HG00621.2	HG00621#2#JAHBCC010000041.1	30388994	4096	67	384153	67	4096	60034	1	509	583	1	4096	1	1	0	60034	0	0	0	1	41	583	1	1	803	60034	60031	1	1	0	2	14873	15009	1
w29	y1_HG00621.2	HG00621#2#JAHBCC010000048.1	24024096	4096	76	442936	76	4096	60078	1	379	810	1	4096	1	1	0	60078	1	0	0	1	48	810	1	1	1829	60078	60031	1	1	0	2	15838	15009	1
w1	y1_HG00621.2	HG00621#2#JAHBCC010000048.1	44299040	4096	71	458180	71	4096	60070	1	713	810	1	4096	1	1	0	60070	0	0	0	1	48	810	1	1	169	60070	60075	1	1	0	2	14167	15020	1
w90	y1_HG00621.2	HG00621#2#JAHBCC010000051.1	17185160	4096	80	481094	80	4096	60091	1	291	725	1	4096	1	1	0	60091	0	0	0	1	51	725	1	1	932	60091	60031	1	1	0	2	15479	15009	1
w46	y1_HG00621.2	HG00621#2#JAHBCC010000054.1	35678868	4096	77	406964	77	4096	60028	1	592	596	1	4096	1	1	0	60028	0	0	0	1	54	596	1	1	87	60028	60031	1	1	0	2	14945	15009	1
w10	y1_HG00621.2	HG00621#2#JAHBCC010000056.1	33428453	4096	81	414929	81	4096	60092	1	561	571	1	4096	1	1	0	60092	0	0	0	1	56	571	1	1	999	60092	60069	1	1	0	2	15059	15019	1
w12	y1_HG00621.2	HG00621#2#JAHBCC010000060.1	7799359	4096	83	403545	83	4096	60021	1	133	716	1	4096	1	1	0	60021	1	0	0	1	60	716	1	1	74	60021	60031	1	1	0	2	14551	15009	1
w77	y1_HG00621.2	HG00621#2#JAHBCC010000060.1	20467041	4096	84	407181	84	4096	60103	1	344	716	1	4096	1	1	0	60103	1	0	0	1	60	716	1	1	574	60103	60151	1	1	0	2	14793	15039	1
w2	y1_HG00621.2	HG00621#2#JAHBCC010000063.1	7111909	4096	96	925422	96	4096	172597	1	218	230	1	4096	1	1	0	172597	1	0	0	1	63	230	1	1	3648	172597	76196	1	1	0	2	5229	19051	1
w18	y1_HG00621.2	HG00621#2#JAHBCC010000064.1	1340411	4096	90	399888	90	4096	60013	1	24	336	1	4096	1	1	0	60013	0	0	0	1	64	336	1	1	985	60013	60031	1	1	0	2	15399	15009	1
w6	y1_HG00621.2	HG00621#2#JAHBCC010000071.1	520262	4096	97	430824	97	4096	60006	1	11	209	1	4096	1	1	0	60006	1	0	0	1	71	209	1	1	82	60006	60031	1	1	0	2	14874	15009	1
w53	y1_HG00621.2	HG00621#2#JAHBCC010000072.1	18514433	4096	96	396532	96	4096	60033	1	312	612	1	4096	1	1	0	60033	0	0	0	1	72	612	1	1	74	60033	60031	1	1	0	2	14892	15009	1
w11	y1_HG00621.2	HG00621#2#JAHBCC010000087.1	15397733	4096	112	433681	112	4096	60039	1	258	334	1	4096	1	1	0	60039	0	0	0	1	87	334	1	1	129	60039	60031	1	1	0	2	13959	15009	1
w34	y1_HG00673.1	HG00673#1#JAHBBZ010000009.1	7082120	4096	35	405297	35	4096	60055	1	120	616	1	4096	1	1	0	60055	0	0	0	1	9	616	1	1	520	60055	60031	1	1	0	2	14820	15009	1
w15	y1_HG00673.1	HG00673#1#JAHBBZ010000014.1	1829472	4096	38	420607	38	4096	83913	1	38	78	1	4096	1	1	0	83913	0	0	0	1	14	78	1	1	287	83913	83893	1	1	0	2	12048	83893	1
w56	y1_HG00673.1	HG00673#1#JAHBBZ010000019.1	3907811	4096	47	399602	47	4096	60168	1	68	333	1	4096	1	1	0	60168	0	0	0	1	19	333	1	1	744	60168	60031	1	1	0	2	14775	15009	1
w19	y1_HG00673.1	HG00673#1#JAHBBZ010000023.1	34617763	4096	47	405734	47	4096	60034	1	576	598	1	4096	1	1	0	60034	1	0	0	1	23	598	1	1	630	60034	60031	1	1	0	2	15302	15009	1
w71	y1_HG00673.1	HG00673#1#JAHBBZ010000024.1	19271224	4096	51	457552	51	4096	60061	1	323	621	1	4096	1	1	0	60061	0	0	0	1	24	621	1	1	368	60061	60051	1	1	0	2	14855	15014	1
w76	y1_HG00673.1	HG00673#1#JAHBBZ010000026.1	24105395	4096	53	413670	53	4096	60033	1	404	528	1	4096	1	1	0	60033	0	0	0	1	26	528	1	1	259	60033	60031	1	1	0	2	14691	15009	1
w85	y1_HG00673.1	HG00673#1#JAHBBZ010000037.1	26766657	4096	64	414999	64	4096	60030	1	449	579	1	4096	1	1	0	60030	0	0	0	1	37	579	1	1	710	60030	60031	1	1	0	2	15374	15009	1
w40	y1_HG00673.1	HG00673#1#JAHBBZ010000047.1	49583909	4096	72	382474	72	4096	60039	1	673	724	1	4096	1	1	0	60039	0	0	0	1	47	724	1	1	509	60039	60031	1	1	0	2	15373	15009	1
w65	y1_HG00673.1	HG00673#1#JAHBBZ010000061.1	320895	4096	103	632456	103	4096	89580	1	9	287	1	4096	2	2	0	89611	2	0	0	1	61	287	1	2	1717	89611	125571	2	2	0	4	5426	31396	1
w33	y1_HG00673.1	HG00673#1#JAHBBZ010000071.1	9204271	4096	97	373810	97	4096	60039	1	159	278	1	4096	1	1	0	60039	1	0	0	1	71	278	1	1	540	60039	60031	1	1	0	2	15248	15009	1
w39	y1_HG00673.1	HG00673#1#JAHBBZ010000075.1	48168248	4096	111	1044250	111	4096	89578	1	928	1340	1	4096	1	1	0	89578	0	0	0	1	75	1340	1	1	20449	89578	212998	1	1	0	2	54362	53251	1
w78	y1_HG00673.1	HG00673#1#JAHBBZ010000079.1	5829924	4096	105	454164	105	4096	60010	1	98	208	1	4096	1	1	0	60010	0	0	0	1	79	208	1	1	556	60010	60031	1	1	0	2	15192	15009	1
w30	y1_HG00673.1	HG00673#1#JAHBBZ010000079.1	10581586	4096	104	350358	104	4096	60059	1	171	208	1	4096	1	1	0	60059	1	0	0	1	79	208	1	1	391	60059	60031	1	1	0	2	15207	15009	1
w49	y1_HG00673.1	HG00673#1#JAHBBZ010000087.1	5850042	4096	117	422609	117	4096	60114	1	143	157	1	4096	1	1	0	60114	1	0	0	1	87	157	1	1	1546	60114	60058	1	1	0	2	14392	15016	1
